Time_h,MassLosspct_kf=2,MassLosspct_kf=10,MassLosspct_kf=50,MassLosspct_kd=0.2,MassLosspct_kd=1,MassLosspct_kd=5,MassLosspct_kORR=0.04,MassLosspct_kORR=0.2,MassLosspct_kORR=1,Filmpct_kf=2,Filmpct_kf=10,Filmpct_kf=50,Filmpct_kd=0.2,Filmpct_kd=1,Filmpct_kd=5,Filmpct_kORR=0.04,Filmpct_kORR=0.2,Filmpct_kORR=1,InterfaceO2_mgL_kf=2,InterfaceO2_mgL_kf=10,InterfaceO2_mgL_kf=50,InterfaceO2_mgL_kd=0.2,InterfaceO2_mgL_kd=1,InterfaceO2_mgL_kd=5,InterfaceO2_mgL_kORR=0.04,InterfaceO2_mgL_kORR=0.2,InterfaceO2_mgL_kORR=1
0,0,0,0,0,0,0,0,0,0,0,0,0,0,0,0,0,0,0,3.5,3.5,3.5,3.5,3.5,3.5,3.5,3.5,3.5
4,0.027010018,0.020944463,0.014493756,0.016113635,0.020944463,0.027010018,0.002584384,0.025248274,0.14042038,1.71959338,4.44977721,6.55695322,6.46638331,4.44977721,1.7562639,4.38573501,4.56198613,4.39474055,3.45411805,3.378122,2.94456344,2.80900341,3.378122,3.48882063,3.45670863,3.378122,2.9437569
8,0.040939532,0.03174587,0.021968426,0.024423704,0.03174587,0.040939532,0.004346399,0.036965637,0.185285802,2.43187228,6.29293528,9.27293218,9.14484697,6.29293528,2.48373223,6.20236594,6.45162266,6.21510168,3.42432963,3.32703557,2.85600592,2.72046814,3.32703557,3.47658803,3.44291512,3.32703557,2.77676994
12,0.052215282,0.04048946,0.028019068,0.03115059,0.04048946,0.052215282,0.005891123,0.046200682,0.217910745,2.9784231,7.70724021,11.3569761,11.2001044,7.70724021,3.04193831,7.59631588,7.90159176,7.61191391,3.39860212,3.28772956,2.79779454,2.66350892,3.28772956,3.46392361,3.43289008,3.28772956,2.6567252
16,0.062052726,0.048117741,0.033297907,0.037019413,0.048117741,0.062052726,0.007309743,0.054120861,0.244486082,3.43918676,8.89955442,13.1139064,12.9327666,8.89955442,3.5125278,8.77147003,9.12397226,8.78948109,3.37520136,3.25453573,2.75332899,2.62058913,3.25453573,3.45097035,3.4247267,3.25453573,2.55965264
20,0.070942563,0.055011215,0.038068252,0.042322911,0.055011215,0.070942563,0.00864141,0.061187851,0.26731181,3.84512769,9.95000433,14.6617931,14.4592727,9.95000433,3.92712547,9.80680163,10.2009111,9.82693861,3.35339132,3.22525393,2.71690881,2.58578713,3.22525393,3.43779799,3.41771685,3.22525393,2.47672604
24,0.079143568,0.061370546,0.042468965,0.047215466,0.061370546,0.079143568,0.009907648,0.067641758,0.287534952,4.21212634,10.8996836,16.0611897,15.8393396,10.8996836,4.30195041,10.7428129,11.1745382,10.7648719,3.33277052,3.1987542,2.68583652,2.5563319,3.1987542,3.42444836,3.41150748,3.1987542,2.40356988
28,0.086812787,0.067317512,0.04658432,0.051790768,0.067317512,0.086812787,0.011121943,0.073626748,0.305822448,4.54961643,11.7730039,17.3480676,17.1084421,11.7730039,4.64663752,11.6035642,12.0698808,11.6273906,3.31308887,3.17436458,2.65860533,2.53068867,3.17436458,3.41094947,3.40589336,3.17436458,2.33765159
32,0.094054345,0.072932857,0.050470188,0.056110937,0.072932857,0.094054345,0.012293473,0.079237578,0.322601319,4.86374455,12.5858706,18.5458644,18.289694,12.5858706,4.96746446,12.4047319,12.9032453,12.4302034,3.29417702,3.15164684,2.63428149,2.50791292,3.15164684,3.39732149,3.40074308,3.15164684,2.27735565
36,0.100941645,0.078273497,0.054165959,0.060219762,0.078273497,0.100941645,0.013428855,0.084540552,0.338163826,5.15878013,13.3493316,19.6708597,19.3991499,13.3493316,5.2687917,13.157205,13.6859584,13.1842216,3.27591343,3.13029638,2.61224332,2.48737949,3.13029638,3.38357961,3.39596676,3.13029638,2.22157985
40,0.107528818,0.08338141,0.05770068,0.064149538,0.08338141,0.107528818,0.014533062,0.089584258,0.352720048,5.43783172,14.0714311,20.7349067,20.4484995,14.0714311,5.5537941,13.8689119,14.4262668,13.8973898,3.25820703,3.11009127,2.59205456,2.46865186,3.11009127,3.36973577,3.39149975,3.11009127,2.16953407
44,0.113857195,0.088288644,0.06109653,0.067924922,0.088288644,0.113857195,0.015609954,0.094405582,0.36642679,5.70324603,14.7582414,21.7469536,21.4465672,14.7582414,5.8248684,14.5458375,15.1303963,14.5757054,3.24098734,3.09086387,2.57339636,2.45141246,3.09086387,3.35579953,3.38729385,3.09086387,2.12062997
48,0.119959216,0.093020353,0.064370914,0.071565264,0.093020353,0.119959216,0.016662611,0.09903333,0.379404644,5.9568462,15.4144804,22.7139523,22.4002089,15.4144804,6.08387662,15.1926318,15.8031835,15.2238278,3.22419836,3.0724839,2.55602817,2.43542262,3.0724839,3.34177879,3.38331195,3.0724839,2.07441606
52,0.125860914,0.097596725,0.067537805,0.075086099,0.097596725,0.125860914,0.017693536,0.103490514,0.391748629,6.20008209,16.0438999,23.6414311,23.3148766,16.0438999,6.33229955,15.8129925,16.4484749,15.8454624,3.20779463,3.05484768,2.53976364,2.42049816,3.05484768,3.32768016,3.37952485,3.05484768,2.03053731
56,0.131583579,0.102034269,0.070608625,0.078500126,0.102034269,0.131583579,0.018704803,0.107795869,0.403535139,6.43412926,16.6495418,24.5338725,24.1949909,16.6495418,6.5713378,16.4099178,17.0693891,16.4436134,3.1917386,3.03787111,2.5244553,2.4064938,3.03787111,3.31350925,3.37590905,3.03787111,1.98870877
60,0.137144889,0.106346693,0.073592861,0.081817892,0.106346693,0.137144889,0.019698155,0.111964899,0.414826649,6.65995651,17.233913,25.3949706,25.0441949,17.233913,6.80198084,16.9858787,17.6684963,17.0207569,3.17599877,3.02148487,2.5099843,2.3932928,3.02148487,3.29927091,3.37244534,3.02148487,1.94869781
64,0.142559729,0.11054554,0.076498501,0.085048277,0.11054554,0.142559729,0.020675075,0.116010604,0.425674993,6.87837351,17.7991088,26.2278129,25.8655332,17.7991088,7.02505561,17.5429401,18.2479445,17.5789622,3.16054841,3.00563099,2.49625332,2.38079987,3.00563099,3.28496935,3.36911779,3.00563099,1.91031169
68,0.147840773,0.114640636,0.079332344,0.088198843,0.114640636,0.147840773,0.021636839,0.119944021,0.436123725,7.09006513,18.3469014,27.0350107,26.6615814,18.3469014,7.24126157,18.0828487,18.8095507,18.1199795,3.14536457,2.99026044,2.48318163,2.36893613,2.99026044,3.27060827,3.36591301,2.99026044,1.87338872
72,0.152998923,0.118640437,0.082100242,0.091276091,0.118640437,0.152998923,0.022584553,0.123774613,0.446209843,7.29561683,18.8788058,27.8187965,27.4345409,18.8788058,7.45119669,18.6070978,19.354868,18.6453051,3.13042735,2.97533126,2.47070144,2.35763555,2.97533126,3.25619095,3.36281963,2.97533126,1.83779172
76,0.158043643,0.12255228,0.084807272,0.09428567,0.12255228,0.158043643,0.023519188,0.127510568,0.455965081,7.49553376,19.3961292,28.5810965,28.1863114,19.3961292,7.65537687,19.1169757,19.8852365,19.1562299,3.11571934,2.96080727,2.45875525,2.34684222,2.96080727,3.24172031,3.35982789,2.96080727,1.80340317
80,0.162983211,0.126382584,0.087457877,0.097232517,0.126382584,0.162983211,0.024441599,0.13115903,0.465416893,7.69025537,19.9000087,29.3235863,28.9185453,19.9000087,7.85425094,19.6136033,20.4018222,19.6538772,3.10122524,2.94665697,2.44729383,2.3365084,2.94665697,3.22719899,3.35692935,2.94665697,1.77012153
84,0.16782492,0.130137006,0.09005597,0.100120984,0.130137006,0.16782492,0.025352546,0.134726278,0.474589212,7.88016682,20.3914409,30.0477345,29.632691,20.3914409,8.04821227,20.0979627,20.9056468,20.1392312,3.08693144,2.93285274,2.43627467,2.32659295,2.93285274,3.21262935,3.35411666,2.93285274,1.73785837
88,0.172575238,0.13382056,0.092605022,0.102954929,0.13382056,0.172575238,0.026252709,0.138217863,0.483503049,8.06560788,20.8713052,30.7548367,30.3300262,20.8713052,8.23760788,20.5709206,21.3976117,20.6131603,3.07282584,2.91937022,2.42566082,2.31706016,2.91937022,3.19801354,3.35138336,2.91937022,1.70653617
92,0.177239931,0.137437718,0.095108128,0.105737791,0.137437718,0.177239931,0.027142697,0.141638725,0.492176959,8.24688013,21.3403818,31.446043,31.0116849,21.3403818,8.42274578,21.0332462,21.8785169,21.0764352,3.05889755,2.90618777,2.41541992,2.30787886,2.90618777,3.18335354,3.34872374,2.90618777,1.67608649
96,0.181824171,0.14099249,0.097568061,0.108472657,0.14099249,0.181824171,0.028023059,0.144993282,0.50062743,8.42425268,21.7993673,32.1223793,31.6786792,21.7993673,8.60390083,21.4856259,22.3490765,21.5297438,3.04513677,2.89328609,2.40552348,2.2990216,2.89328609,3.16865114,3.34613275,2.89328609,1.64644862
100,0.186332614,0.144488486,0.099987323,0.111162303,0.144488486,0.186332614,0.028894296,0.148285506,0.508869179,8.59796689,22.248886,32.7847661,32.3319165,22.248886,8.78131951,21.9286751,22.8099307,21.9737027,3.03153464,2.88064785,2.39594625,2.29046413,2.88064785,3.15390798,3.34360585,2.88064785,1.61756839
104,0.190769473,0.147928973,0.10236817,0.113809244,0.147928973,0.190769473,0.029756862,0.151518981,0.516915415,8.76824019,22.6895008,33.4340324,32.9722147,22.6895008,8.95522391,22.3629484,23.2616563,22.4088678,3.01808307,2.86825746,2.38666577,2.28218491,2.86825746,3.1391256,3.341139,2.86825746,1.58939725
108,0.195138576,0.15131692,0.10471266,0.116415763,0.15131692,0.195138576,0.030611171,0.154696956,0.524778036,8.93526929,23.1217206,34.0709284,33.6003133,23.1217206,9.12581493,22.7889476,23.7047753,22.8357417,3.00477471,2.85610078,2.37766194,2.2741647,2.85610078,3.12430541,3.33872852,2.85610078,1.56189148
112,0.19944341,0.154655031,0.107022662,0.118983941,0.154655031,0.19944341,0.031457604,0.15782239,0.532467809,9.09923287,23.5460078,34.6961352,34.2168842,23.5460078,9.29327504,23.2071283,24.1397616,23.2547811,2.99160281,2.84416498,2.36891671,2.26638622,2.84416498,3.10944871,3.33637113,2.84416498,1.53501157
116,0.203687168,0.157945782,0.109299892,0.121515683,0.157945782,0.203687168,0.032296511,0.160897982,0.539994509,9.26029374,23.9627836,35.3102738,34.8225398,23.9627836,9.45777056,23.6179059,24.5670472,23.6664021,2.97856116,2.83243838,2.3604138,2.25883394,2.83243838,3.09455673,3.3340638,2.83243838,1.50872166
120,0.207872781,0.161191444,0.111545919,0.124012734,0.161191444,0.207872781,0.033128217,0.163926206,0.547367045,9.41860083,24.3724335,35.9139119,35.41784,24.3724335,9.61945356,24.02166,24.9870271,24.0709853,2.96564405,2.82091028,2.35213848,2.25149382,2.82091028,3.0796306,3.33180381,2.82091028,1.48298911
124,0.212002942,0.164394109,0.113762192,0.126476707,0.164394109,0.212002942,0.033953018,0.166909336,0.55459356,9.57429073,24.775311,36.5075705,36.0032985,24.775311,9.77846356,24.4187391,25.4000638,24.4688798,2.95284619,2.80957086,2.34407737,2.2443531,2.80957086,3.06467139,3.32958866,2.80957086,1.45778409
128,0.216080143,0.167555706,0.115950045,0.128909083,0.167555706,0.216080143,0.034771194,0.169849466,0.561681521,9.72748911,25.1717411,37.0917287,36.5793879,25.1717411,9.93492892,24.8094638,25.8064906,24.8604067,2.9401627,2.79841109,2.33621827,2.2374002,2.79841109,3.04968009,3.32741604,2.79841109,1.43307929
132,0.220106686,0.170678021,0.118110714,0.131311238,0.170678021,0.220106686,0.035583001,0.172748532,0.568637793,9.87831188,25.5620239,37.6668286,37.146544,25.5620239,10.088968,25.1941295,26.2066151,25.2458624,2.92758901,2.78742264,2.32855003,2.23062453,2.78742264,3.03465764,3.32528385,2.78742264,1.40884958
136,0.224084709,0.173762711,0.120245348,0.133684447,0.173762711,0.224084709,0.03638868,0.175608326,0.575468705,10.0268663,25.9464369,38.2332788,37.70517,25.9464369,10.2406903,25.5730099,26.6007217,25.6255207,2.91512089,2.77659781,2.32106246,2.2240164,2.77659781,3.01960493,3.32319015,2.77659781,1.38507186
140,0.228016197,0.176811318,0.122355011,0.136029893,0.176811318,0.228016197,0.037188456,0.178430513,0.582180108,10.1732516,26.325237,38.7914584,38.2556396,26.325237,10.3901974,25.9463583,26.9890739,25.9996357,2.90275439,2.76592944,2.31374615,2.21756692,2.76592944,3.00452279,3.32113314,2.76592944,1.36172474
144,0.231903003,0.179825276,0.124440696,0.138348684,0.179825276,0.231903003,0.037982539,0.18121664,0.588777418,10.3175603,26.6986633,39.3417193,38.7982998,26.6986633,10.5375834,26.3144101,27.3719168,26.3684433,2.89048582,2.75541092,2.30659246,2.21126791,2.75541092,2.98941199,3.31911115,2.75541092,1.33878845
148,0.235746854,0.182805925,0.126503332,0.140641849,0.182805925,0.235746854,0.038771126,0.183968152,0.595265666,10.4598782,27.0669381,39.8843894,39.3334741,27.0669381,10.6829363,26.6773846,27.7494783,26.7321631,2.8783117,2.74503604,2.2995934,2.20511182,2.74503604,2.9742733,3.31712264,2.74503604,1.31624466
152,0.239549368,0.185754521,0.128543787,0.142910352,0.185754521,0.239549368,0.039554401,0.186686398,0.601649532,10.6002855,27.4302689,40.4197743,39.8614638,27.4302689,10.8263378,27.0354863,28.1219712,27.0910002,2.86622878,2.73479905,2.29274159,2.19909167,2.73479905,2.9591074,3.31516618,2.73479905,1.29407629
156,0.24331206,0.188672237,0.130562872,0.145155099,0.188672237,0.24331206,0.04033254,0.189372639,0.607933376,10.7388572,27.7888498,40.9481598,40.3825508,27.7888498,10.9678645,27.3889064,28.4895943,27.4451459,2.85423401,2.72469455,2.28603018,2.193201,2.72469455,2.94391498,3.31324042,2.72469455,1.27226746
160,0.247036352,0.191560177,0.132561353,0.147376937,0.191560177,0.247036352,0.041105706,0.19202806,0.614121272,10.8756634,28.1428621,41.4698134,40.8969989,28.1428621,11.1075882,27.7378237,28.8525337,27.7947797,2.84232451,2.7147175,2.27945278,2.18743381,2.7147175,2.92869666,3.31134411,2.7147175,1.25080334
164,0.250723583,0.194419377,0.134539945,0.149576665,0.194419377,0.250723583,0.041874054,0.19465377,0.62021703,11.01077,28.4924763,41.9849861,41.4050557,28.4924763,11.245576,28.0824062,29.210964,28.1400697,2.83049757,2.70486316,2.27300349,2.18178451,2.70486316,2.91345306,3.30947608,2.70486316,1.22967005
168,0.254375011,0.197250816,0.136499326,0.151755034,0.197250816,0.254375011,0.042637731,0.197250816,0.62622422,11.1442388,28.8378523,42.4939136,41.9069535,28.8378523,11.381891,28.4228114,29.5650492,28.4811739,2.81875061,2.69512708,2.26667676,2.17624792,2.69512708,2.89818474,3.30763523,2.69512708,1.20885462
