Time_h,MassLosspct_kf=5,MassLosspct_kf=35,MassLosspct_kf=150,MassLosspct_kd=5,MassLosspct_kd=27,MassLosspct_kd=120,MassLosspct_kORR=0.1,MassLosspct_kORR=0.5,MassLosspct_kORR=2.5,Filmpct_kf=5,Filmpct_kf=35,Filmpct_kf=150,Filmpct_kd=5,Filmpct_kd=27,Filmpct_kd=120,Filmpct_kORR=0.1,Filmpct_kORR=0.5,Filmpct_kORR=2.5,InterfaceO2_mgL_kf=5,InterfaceO2_mgL_kf=35,InterfaceO2_mgL_kf=150,InterfaceO2_mgL_kd=5,InterfaceO2_mgL_kd=27,InterfaceO2_mgL_kd=120,InterfaceO2_mgL_kORR=0.1,InterfaceO2_mgL_kORR=0.5,InterfaceO2_mgL_kORR=2.5
0,0.0,0.0,0.0,0.0,0.0,0.0,0.0,0.0,0.0,0.0,0.0,0.0,0.0,0.0,0.0,0.0,0.0,0.0,3.5,3.5,3.5,3.5,3.5,3.5,3.5,3.5,3.5
4,0.024554562,0.020944463,0.016104173,0.017904039,0.020944463,0.024554562,0.002584384,0.025248274,0.14042038,1.719593377,4.449777209,6.556953225,6.466383308,4.449777209,1.756263902,4.385735015,4.561986132,4.394740547,3.4540322119327493,3.378158378443137,3.3132328799914554,3.299534232056915,3.378158378443137,3.4890358041797653,3.456706640907517,3.378158378443137,2.943844781462434
8,0.037217756,0.03174587,0.024409362,0.027137449,0.03174587,0.037217756,0.004346399,0.036965637,0.185285802,2.431872276,6.292935279,9.272932179,9.144846974,6.292935279,2.483732229,6.20236594,6.451622659,6.215101684,3.424188156532705,3.3270917090913277,3.2349544178255947,3.2155143465933222,3.3270917090913277,3.477038768840998,3.4429136531507267,3.3270917090913277,2.776903805362583
12,0.047468438,0.04048946,0.031132298,0.034611767,0.04048946,0.047468438,0.005891123,0.046200682,0.217910745,2.978423098,7.707240209,11.35697613,11.20010443,7.707240209,3.041938309,7.596315875,7.901591764,7.611913913,3.398412627424506,3.2878016982298357,3.1747280183412387,3.150870572986244,3.2878016982298357,3.464618284223821,3.432889161618664,3.2878016982298357,2.6568946681247705
16,0.056411569,0.048117741,0.036997674,0.041132681,0.048117741,0.056411569,0.007309743,0.054120861,0.244486082,3.439186755,8.899554419,13.11390645,12.93276662,8.899554419,3.512527804,8.77147003,9.123972264,8.789481094,3.374968192911498,3.254621805890813,3.1238676238785734,3.0962797647466567,3.254621805890813,3.451914564006221,3.424726307569852,3.254621805890813,2.559852197244473
20,0.064493239,0.055011215,0.042298058,0.047025457,0.055011215,0.064493239,0.00864141,0.061187851,0.26731181,3.845127686,9.950004325,14.66179314,14.45927265,9.950004325,3.927125471,9.806801625,10.2009111,9.826938606,3.3531174662822663,3.225352580766006,3.0790017659591538,3.048123169186205,3.225352580766006,3.438995988250739,3.4177169625091173,3.225352580766006,2.476952125744587
24,0.071948698,0.061370546,0.047187739,0.052461629,0.061370546,0.071948698,0.009907648,0.067641758,0.287534952,4.21212634,10.89968363,16.06118967,15.83933959,10.89968363,4.301950413,10.74281293,11.17453824,10.76487189,3.332458199279029,3.1988644338119028,3.0383989337104698,3.004542275787922,3.1988644338119028,3.4259035712186328,3.411508077047141,3.1988644338119028,2.4038199465958705
28,0.078920715,0.067317512,0.051760355,0.057545298,0.067317512,0.078920715,0.011121943,0.073626748,0.305822448,4.549616433,11.77300389,17.34806759,17.10844212,11.77300389,4.646637521,11.60356417,12.06988079,11.62739056,3.31273984797052,3.1744856187581387,3.001029428785689,2.9644318618025465,3.1744856187581387,3.4126647971515953,3.4058944143932988,3.1744856187581387,2.3379236989983365
32,0.08550395,0.072932857,0.056077987,0.062345486,0.072932857,0.08550395,0.012293473,0.079237578,0.322601319,4.863744552,12.58587056,18.54586436,18.28969395,12.58587056,4.967464458,12.40473188,12.90324532,12.43020337,3.2937927364797503,3.1517780736373817,2.9662217600229366,2.9270711847812674,3.1517780736373817,3.3992994261196112,3.4007445898223443,3.1517780736373817,2.2776482609353943
36,0.091765132,0.078273497,0.060184399,0.066910847,0.078273497,0.091765132,0.013428855,0.084540552,0.338163826,5.158780132,13.34933163,19.67085968,19.39914992,13.34933163,5.268791705,13.15720505,13.6859584,13.18422164,3.2754950868705253,3.1304372947537695,2.9335091634578028,2.8919592454230876,3.1304372947537695,3.385822377510261,3.3959686953690826,3.1304372947537695,2.2218917004760117
40,0.097753471,0.08338141,0.064111867,0.071277264,0.08338141,0.097753471,0.014533062,0.089584258,0.352720048,5.437831722,14.07143106,20.7349067,20.44849948,14.07143106,5.553794102,13.86891186,14.42626683,13.89738985,3.257755677997875,3.110241432644881,2.90255157315352,2.858731035266335,3.110241432644881,3.3722453303126674,3.391502112183486,3.110241432644881,2.1698640952228714
44,0.103506541,0.088288644,0.067885033,0.075472135,0.088288644,0.103506541,0.015609954,0.094405582,0.36642679,5.703246025,14.7582414,21.74695362,21.44656718,14.7582414,5.824868395,14.54583748,15.1303963,14.57570544,3.2405038932271637,3.0910229139419165,2.873092121259178,2.8271108461939143,3.0910229139419165,3.358577684750601,3.387296613724545,3.0910229139419165,2.1209772637749644
48,0.109053833,0.093020353,0.071523238,0.07951696,0.093020353,0.109053833,0.016662611,0.09903333,0.379404644,5.956846196,15.41448042,22.71395226,22.40020886,15.41448042,6.083876619,15.19263175,15.80318353,15.22382783,3.223683620540878,3.072651484639845,2.8449311455815267,2.7968843715607523,3.072651484639845,3.344827175909638,3.38331511546021,3.072651484639845,2.0747798477226267
52,0.114419013,0.097596725,0.075042006,0.083428999,0.097596725,0.114419013,0.017693536,0.103490514,0.391748629,6.200082095,16.04389989,23.64143106,23.31487658,16.04389989,6.332299551,15.81299248,16.44847492,15.84546238,3.207249316274763,3.0550235128431855,2.8179097921065366,2.7678811060235553,3.0550235128431855,3.3310002841823336,3.3795283991953418,3.0550235128431855,2.0309168951173113
56,0.119621435,0.102034269,0.078454028,0.087222362,0.102034269,0.119621435,0.018704803,0.107795869,0.403535139,6.434129263,16.64954176,24.53387247,24.19499087,16.64954176,6.571337801,16.40991782,17.06938911,16.44361343,3.1911633574243057,3.038054938800559,2.791899208333125,2.7399627462472393,3.038054938800559,3.3171025204402356,3.375912975730939,3.038054938800559,1.989103539579807
60,0.124677172,0.106346693,0.081769846,0.090908769,0.106346693,0.124677172,0.019698155,0.111964899,0.414826649,6.659956513,17.23391303,25.39497064,25.04419486,17.23391303,6.801980843,16.98587867,17.66849631,17.02075695,3.175394198742259,3.0216764583208295,2.766793160085994,2.71301526618947,3.0216764583208295,3.3031386304743244,3.3724496378583195,3.0216764583208295,1.9491072118024249
64,0.129599754,0.11054554,0.084998334,0.094498086,0.11054554,0.129599754,0.020675075,0.116010604,0.425674993,6.87837351,17.79910884,26.2278129,25.86553323,17.79910884,7.025055607,17.54294006,18.24794453,17.57896219,3.1599150526680675,3.0058301311577185,2.7425028326170167,2.6869433368828837,3.0058301311577185,3.289112745465143,3.3691224499359227,3.0058301311577185,1.910735237996617
68,0.134400703,0.114640636,0.088147049,0.097998714,0.114640636,0.134400703,0.021636839,0.119944021,0.436123725,7.090065128,18.34690144,27.03501073,26.6615814,18.34690144,7.241261574,18.08284871,18.80955068,18.11997947,3.144702920377002,2.9904669305997413,2.718953074450117,2.661666294780475,2.9904669305997413,3.275028495239805,3.365918023498455,2.9904669305997413,1.8738259621703577
72,0.13908993,0.118640437,0.091222491,0.101417879,0.118640437,0.13908993,0.022584553,0.123774613,0.446209843,7.295616829,18.87880584,27.81879654,27.43454092,18.87880584,7.451196687,18.60709782,19.35486798,18.64530505,3.129737865417627,2.9755449334044766,2.6960796227894748,2.637115163658199,2.9755449334044766,3.260889095182528,3.362824986006362,2.9755449334044766,1.8382422444034496
76,0.143676039,0.12255228,0.094230302,0.104761856,0.12255228,0.143676039,0.023519188,0.127510568,0.455965081,7.495533756,19.39612918,28.58109649,28.18631137,19.39612918,7.655376866,19.11697572,19.88523653,19.15622993,3.1150024591180783,2.9610279566808293,2.6738270140399982,2.6132304118801732,2.9610279566808293,3.246697414060305,3.359833583460525,2.9610279566808293,1.8038666037098272
80,0.148166555,0.126382584,0.097175419,0.10803613,0.126382584,0.148166555,0.024441599,0.13115903,0.465416893,7.690255371,19.90000865,29.32358627,28.91854529,19.90000865,7.854250942,19.61360325,20.40182221,19.65387721,3.100481350253396,2.946884513787151,2.6521469833369853,2.5899602345400163,2.946884513787151,3.232456027744486,3.356935377939236,2.946884513787151,1.7705975255899329
84,0.152568109,0.130137006,0.100062189,0.111245538,0.130137006,0.152568109,0.025352546,0.134726278,0.474589212,7.880166817,20.39144089,30.04773448,29.63269098,20.39144089,8.04821227,20.09796269,20.90564677,20.13923122,3.0861609263223326,2.9330870024653075,2.6309972200628375,2.567259217699512,2.9330870024653075,3.218167262323566,3.354123013810475,2.9330870024653075,1.738346611227262
88,0.15688658,0.13382056,0.102894469,0.114394365,0.13382056,0.15688658,0.026252709,0.138217863,0.483503049,8.065607878,20.87130515,30.75483674,30.33002618,20.87130515,8.237607883,20.57092063,21.39761165,20.61316032,3.072029043506436,2.9196110650241995,2.610340387092862,2.545087285699872,2.9196110650241995,3.203833229110157,3.3513900345255188,2.9196110650241995,1.707036345887589
92,0.16112721,0.137437718,0.105675698,0.117486434,0.137437718,0.16112721,0.027142697,0.141638725,0.492176959,8.246880127,21.34038181,31.44604297,31.01168491,21.34038181,8.422745783,21.03324624,21.8785169,21.07643525,3.0580748089022736,2.9064350779968793,2.590143338507013,2.52340886149565,2.9064350779968793,3.189455853367026,3.3487307372671387,2.9064350779968793,1.6765983302333745
96,0.165294701,0.14099249,0.108408957,0.120525174,0.14099249,0.165294701,0.028023059,0.144993282,0.50062743,8.42425268,21.79936726,32.12237934,31.67867917,21.79936726,8.603900826,21.48562587,22.34907647,21.52974378,3.04428840308005,2.8935397406148464,2.5703764887753167,2.5021921895723542,2.8935397406148464,3.1750368981044135,3.3461400563380534,2.8935397406148464,1.6469718627431764
100,0.169393285,0.144488486,0.111097025,0.12351367,0.144488486,0.169393285,0.028894296,0.148285506,0.508869179,8.597966887,22.24888605,32.78476613,32.33191654,22.24888605,8.781319509,21.92867508,22.80993066,21.97370273,3.0306609341354918,2.880907739670144,2.551013299035706,2.4814087845447395,2.880907739670144,3.160577983965227,3.3436134686554837,2.880907739670144,1.6181027919315962
104,0.173426794,0.147928973,0.113742411,0.126454716,0.147928973,0.173426794,0.029756862,0.151518981,0.516915415,8.768240187,22.68950082,33.43403244,32.97221467,22.68950082,8.955223906,22.36294842,23.26165631,22.40886781,3.0171843166120684,2.868523474115765,2.5320298549428117,2.461032978042436,2.868523474115765,3.1460806059725988,3.3411469164513043,2.868523474115765,1.5899425783684542
108,0.177398705,0.15131692,0.1163474,0.129350848,0.15131692,0.177398705,0.030611171,0.154696956,0.524778036,8.935269294,23.12172063,34.07092839,33.60031329,23.12172063,9.125814928,22.78894762,23.70477529,22.83574174,3.0038511702641326,2.856372826881335,2.5134045168915184,2.441041543278751,2.856372826881335,3.1315461477369513,3.33873674350907,2.856372826881335,1.562447521617798
112,0.181312191,0.154655031,0.118914069,0.132204379,0.154655031,0.181312191,0.031457604,0.15782239,0.532467809,9.099232866,23.54600777,34.69613518,34.21688423,23.54600777,9.293275041,23.20712833,24.13976158,23.25478113,2.9906547347969057,2.8444429743704585,2.495117628001557,2.421413381617061,2.8444429743704585,3.1169758935880756,3.336379642157457,2.8444429743704585,1.5355781181127446
116,0.185170153,0.157945782,0.121444324,0.135017425,0.157945782,0.185170153,0.032296511,0.160897982,0.539994509,9.260293739,23.96278363,35.31027375,34.82253982,23.96278363,9.457770556,23.61790586,24.56704717,23.66640213,2.977588797582673,2.8327222263011684,2.477151268614051,2.4021292590606227,2.8327222263011684,3.102371038998803,3.3340726088890142,2.8327222263011684,1.5092985239402645
120,0.188975255,0.161191444,0.12393991,0.137791927,0.161191444,0.188975255,0.033128217,0.163926206,0.547367045,9.418600826,24.37243353,35.9139119,35.41784003,24.37243353,9.619453559,24.02165999,24.98702712,24.07098532,2.964647631999936,2.821199890182602,2.459489048552159,2.383171583276336,2.821199890182602,3.087732699591628,3.331812906953791,2.821199890182602,1.4835761023960798
124,0.192729947,0.164394109,0.126402435,0.140529674,0.164394109,0.192729947,0.033953018,0.166909336,0.55459356,9.574290726,24.77531097,36.5075705,36.00329854,24.77531097,9.778463564,24.41873912,25.40006381,24.4688798,2.9518259445331188,2.8098661559478884,2.4421159302785176,2.3645242137814684,2.8098661559478884,3.073061918961875,3.3295980346373497,2.8098661559478884,1.458381040574113
128,0.196436494,0.167555706,0.128833383,0.143232314,0.167555706,0.196436494,0.034771194,0.169849466,0.561681521,9.727489105,25.17174112,37.09172872,36.5793879,25.17174112,9.934928916,24.80946376,25.80649064,24.86040674,2.9391188291463566,2.7987119971954386,2.425018077511178,2.3461722994561542,2.7987119971954386,3.058359675506172,3.3274256982051025,2.7987119971954386,1.4336860225858659
132,0.200096987,0.170678021,0.131234127,0.145901375,0.170678021,0.200096987,0.035583001,0.172748532,0.568637793,9.878311883,25.56202394,37.66682857,37.14654401,25.56202394,10.08896801,25.19412955,26.20661513,25.24586239,2.926521727735617,2.7877290862061135,2.4081827249561467,2.3281021387213174,2.7877290862061135,3.043626888409915,3.3252937887031595,2.7877290862061135,1.4094659495495465
136,0.203713372,0.173762711,0.133605942,0.148538274,0.173762711,0.203713372,0.03638868,0.175608326,0.575468705,10.02686626,25.94643685,38.23327883,37.70517,25.94643685,10.24069033,25.5730099,26.60072168,25.62552072,2.9140303956901534,2.7769097204576223,2.3915980656636595,2.310301058632966,2.7769097204576223,3.028864422919713,3.3232003619665473,2.7769097204576223,1.385697698450437
140,0.207287452,0.176811318,0.135950012,0.151144326,0.176811318,0.207287452,0.037188456,0.178430513,0.582180108,10.17325162,26.32523699,38.79145841,38.25563956,26.32523699,10.39019736,25.94635826,26.98907393,25.9996357,2.901640871772689,2.766246758790023,2.375253153178318,2.292757309855415,2.766246758790023,3.0140730950047665,3.321143621310685,2.766246758790023,1.362359913499505
144,0.210820912,0.179825276,0.13826744,0.15372076,0.179825276,0.210820912,0.037982539,0.18121664,0.588777418,10.31756026,26.69866326,39.34171935,38.79829985,26.69866326,10.53758341,26.31441009,27.37191679,26.36844328,2.889349451669098,2.7557335657166657,2.3591378161751217,2.2754599750362052,2.7557335657166657,2.9992536754934767,3.319121902480088,2.7557335657166657,1.3394328248132492
148,0.214315322,0.182805925,0.140559258,0.156268721,0.182805925,0.214315322,0.038771126,0.183968152,0.595265666,10.45987816,27.06693808,39.88438939,39.33347409,27.06693808,10.68293626,26.67738462,27.74947831,26.73216313,2.8771526646712546,2.7453639626449293,2.343242583687296,2.258398888549676,2.7453639626449293,2.9844068937573276,3.317133660505801,2.7453639626449293,1.3168980901824785
152,0.217772153,0.185754521,0.14282643,0.15878928,0.185754521,0.217772153,0.039554401,0.186686398,0.601649532,10.6002855,27.43026894,40.41977428,39.86146381,27.43026894,10.82633779,27.03548634,28.12197119,27.09100017,2.8650472530474445,2.7351321849867207,2.3275586193623505,2.241564565930961,2.7351321849867207,2.9695334410025134,3.315177458184771,2.7351321849867207,1.2947386564493457
156,0.221192782,0.188672237,0.145069858,0.161283443,0.188672237,0.221192782,0.04033254,0.189372639,0.607933376,10.7388572,27.78884977,40.94815977,40.38255082,27.78884977,10.96786455,27.38890639,28.48959426,27.44514592,2.853030153728149,2.725032844312053,2.312077663448508,2.2249481416073458,2.725032844312053,2.954633973220317,3.3132519559438385,2.725032844312053,1.2729386376139007
160,0.224578502,0.191560177,0.147290392,0.163752152,0.191560177,0.224578502,0.041105706,0.19202806,0.614121272,10.87566344,28.14286212,41.46981341,40.89699895,28.14286212,11.1075882,27.73782372,28.85253366,27.79477971,2.841098481994761,2.715060894839215,2.296791981428563,2.208541313764619,2.715060894839215,2.939709113839485,3.3113559028909125,2.715060894839215,1.2514832072766335
164,0.22793053,0.194419377,0.149488828,0.166196294,0.194419377,0.22793053,0.041874054,0.19465377,0.62021703,11.01077003,28.4924763,41.98498612,41.40505569,28.4924763,11.24557596,28.08240618,29.21096397,28.14006971,2.8292495169076997,2.705211603669146,2.2816943183931047,2.1923362953737446,2.705211603669146,2.9247594561173975,3.3094881288882405,2.705211603669146,1.2303585034168432
168,0.23125001,0.197250816,0.151665918,0.168616704,0.197250816,0.23125001,0.042637731,0.197250816,0.62622422,11.14423879,28.83785226,42.49391362,41.90695348,28.83785226,11.38189095,28.42281141,29.56504919,28.48117392,2.8174806882506127,2.695480524264948,2.266777858388112,2.176325770556762,2.695480524264948,2.9097855653015245,3.307647537509101,2.695480524264948,1.2095515438274496
