Time_h,MassLosspct_kf=2,MassLosspct_kf=10,MassLosspct_kf=50,MassLosspct_kd=0.2,MassLosspct_kd=1,MassLosspct_kd=5,MassLosspct_kORR=0.04,MassLosspct_kORR=0.2,MassLosspct_kORR=1,Filmpct_kf=2,Filmpct_kf=10,Filmpct_kf=50,Filmpct_kd=0.2,Filmpct_kd=1,Filmpct_kd=5,Filmpct_kORR=0.04,Filmpct_kORR=0.2,Filmpct_kORR=1,InterfaceO2_mgL_kf=2,InterfaceO2_mgL_kf=10,InterfaceO2_mgL_kf=50,InterfaceO2_mgL_kd=0.2,InterfaceO2_mgL_kd=1,InterfaceO2_mgL_kd=5,InterfaceO2_mgL_kORR=0.04,InterfaceO2_mgL_kORR=0.2,InterfaceO2_mgL_kORR=1
0,0,0,0,0,0,0,0,0,0,0,0,0,0,0,0,0,0,0,3.5,3.5,3.5,3.5,3.5,3.5,3.5,3.5,3.5
4,0.027010018,0.020944463,0.014493756,0.016113635,0.020944463,0.027010018,0.002584384,0.025248274,0.14042038,1.719593377,4.449777209,6.556953225,6.466383308,4.449777209,1.756263902,4.385735015,4.561986132,4.394740547,3.429078464,3.339223967,2.866842092,2.721308348,3.339223967,3.520542108,3.439138939,3.339223967,2.930101164
8,0.040939532,0.03174587,0.021968426,0.024423704,0.03174587,0.040939532,0.004346399,0.036965637,0.185285802,2.431872276,6.292935279,9.272932179,9.144846974,6.292935279,2.483732229,6.20236594,6.451622659,6.215101684,3.399069634,3.286080353,2.761789902,2.612956133,3.286080353,3.508410198,3.423280974,3.286080353,2.744680937
12,0.052215282,0.04048946,0.028019068,0.03115059,0.04048946,0.052215282,0.005891123,0.046200682,0.217910745,2.978423098,7.707240209,11.35697613,11.20010443,7.707240209,3.041938309,7.596315875,7.901591764,7.611913913,3.375335507,3.249237344,2.719185314,2.578785657,3.249237344,3.492610036,3.413942366,3.249237344,2.618369345
16,0.062052726,0.048117741,0.033297907,0.037019413,0.048117741,0.062052726,0.007309743,0.054120861,0.244486082,3.439186755,8.899554419,13.11390645,12.93276662,8.899554419,3.512527804,8.77147003,9.123972264,8.789481094,3.354671629,3.220283926,2.699387556,2.568952055,3.220283926,3.475576055,3.407633828,3.220283926,2.521039235
20,0.070942563,0.055011215,0.038068252,0.042322911,0.055011215,0.070942563,0.00864141,0.061187851,0.26731181,3.845127686,9.950004325,14.66179314,14.45927265,9.950004325,3.927125471,9.806801625,10.2009111,9.826938606,3.335859054,3.196030851,2.688234673,2.56591022,3.196030851,3.458167894,3.403046991,3.196030851,2.441223502
24,0.079143568,0.061370546,0.042468965,0.047215466,0.061370546,0.079143568,0.009907648,0.067641758,0.287534952,4.21212634,10.89968363,16.06118967,15.83933959,10.89968363,4.301950413,10.74281293,11.17453824,10.76487189,3.318283565,3.174876187,2.679048854,2.561526669,3.174876187,3.440785535,3.399532032,3.174876187,2.373140451
28,0.086812787,0.067317512,0.04658432,0.051790768,0.067317512,0.086812787,0.011121943,0.073626748,0.305822448,4.549616433,11.77300389,17.34806759,17.10844212,11.77300389,4.646637521,11.60356417,12.06988079,11.62739056,3.301586672,3.155888001,2.668689881,2.552389291,3.155888001,3.423621746,3.396715299,3.155888001,2.313413492
32,0.094054345,0.072932857,0.050470188,0.056110937,0.072932857,0.094054345,0.012293473,0.079237578,0.322601319,4.863744552,12.58587056,18.54586436,18.28969395,12.58587056,4.967464458,12.40473188,12.90324532,12.43020337,3.285538922,3.138471799,2.657052163,2.539844455,3.138471799,3.406712367,3.394361331,3.138471799,2.259880055
36,0.100941645,0.078273497,0.054165959,0.060219762,0.078273497,0.100941645,0.013428855,0.084540552,0.338163826,5.158780132,13.34933163,19.67085968,19.39914992,13.34933163,5.268791705,13.15720505,13.6859584,13.18422164,3.269983787,3.122223434,2.644486678,2.525565301,3.122223434,3.390059887,3.392312098,3.122223434,2.211063906
40,0.107528818,0.08338141,0.05770068,0.064149538,0.08338141,0.107528818,0.014533062,0.089584258,0.352720048,5.437831722,14.07143106,20.7349067,20.44849948,14.07143106,5.553794102,13.86891186,14.42626683,13.89738985,3.254809366,3.106855024,2.631242572,2.51071271,3.106855024,3.373663445,3.390456549,3.106855024,2.165909003
44,0.113857195,0.088288644,0.06109653,0.067924922,0.088288644,0.113857195,0.015609954,0.094405582,0.36642679,5.703246025,14.7582414,21.74695362,21.44656718,14.7582414,5.824868395,14.54583748,15.1303963,14.57570544,3.239932742,3.092154048,2.617503108,2.496119868,3.092154048,3.357520376,3.388713869,3.092154048,2.123632274
48,0.119959216,0.093020353,0.064370914,0.071565264,0.093020353,0.119959216,0.016662611,0.09903333,0.379404644,5.956846196,15.41448042,22.71395226,22.40020886,15.41448042,6.083876619,15.19263175,15.80318353,15.22382783,3.225290706,3.077959123,2.603403324,2.482271242,3.077959123,3.341621247,3.387023615,3.077959123,2.083636332
52,0.125860914,0.097596725,0.067537805,0.075086099,0.097596725,0.125860914,0.017693536,0.103490514,0.391748629,6.200082095,16.04389989,23.64143106,23.31487658,16.04389989,6.332299551,15.81299248,16.44847492,15.84546238,3.21083395,3.064144873,2.589034231,2.469043789,3.064144873,3.325935705,3.385339582,3.064144873,2.045454828
56,0.131583579,0.102034269,0.070608625,0.078500126,0.102034269,0.131583579,0.018704803,0.107795869,0.403535139,6.434129263,16.64954176,24.53387247,24.19499087,16.64954176,6.571337801,16.40991782,17.06938911,16.44361343,3.196523272,3.050612038,2.57446464,2.456223658,3.050612038,3.310433985,3.383625812,3.050612038,2.008716716
60,0.137144889,0.106346693,0.073592861,0.081817892,0.106346693,0.137144889,0.019698155,0.111964899,0.414826649,6.659956513,17.23391303,25.39497064,25.04419486,17.23391303,6.801980843,16.98587867,17.66849631,17.02075695,3.182327007,3.03728079,2.559749913,2.443639658,3.03728079,3.29509175,3.381853915,3.03728079,1.97312202
64,0.142559729,0.11054554,0.076498501,0.085048277,0.11054554,0.142559729,0.020675075,0.116010604,0.425674993,6.87837351,17.79910884,26.2278129,25.86553323,17.79910884,7.025055607,17.54294006,18.24794453,17.57896219,3.168219225,3.024086067,2.544935192,2.431152936,3.024086067,3.279888825,3.380001199,3.024086067,1.938424905
68,0.147840773,0.114640636,0.079332344,0.088198843,0.114640636,0.147840773,0.021636839,0.119944021,0.436123725,7.090065128,18.34690144,27.03501073,26.6615814,18.34690144,7.241261574,18.08284871,18.80955068,18.11997947,3.154178445,3.010974226,2.53005771,2.418649608,3.010974226,3.264808282,3.378049349,3.010974226,1.904421533
72,0.152998923,0.118640437,0.082100242,0.091276091,0.118640437,0.152998923,0.022584553,0.123774613,0.446209843,7.295616829,18.87880584,27.81879654,27.43454092,18.87880584,7.451196687,18.60709782,19.35486798,18.64530505,3.140186691,2.997900605,2.51514848,2.406035368,2.997900605,3.249835768,3.375983455,2.997900605,1.87094117
76,0.158043643,0.12255228,0.084807272,0.09428567,0.12255228,0.158043643,0.023519188,0.127510568,0.455965081,7.495533756,19.39612918,28.58109649,28.18631137,19.39612918,7.655376866,19.11697572,19.88523653,19.15622993,3.126228786,2.984827696,2.500233562,2.393231477,2.984827696,3.234959,3.373791301,2.984827696,1.837839531
80,0.162983211,0.126382584,0.087457877,0.097232517,0.126382584,0.162983211,0.024441599,0.13115903,0.465416893,7.690255371,19.90000865,29.32358627,28.91854529,19.90000865,7.854250942,19.61360325,20.40182221,19.65387721,3.112291817,2.971723764,2.485335015,2.380171722,2.971723764,3.220167382,3.37146282,2.971723764,1.80499373
84,0.16782492,0.130137006,0.09005597,0.100120984,0.130137006,0.16782492,0.025352546,0.134726278,0.474589212,7.880166817,20.39144089,30.04773448,29.63269098,20.39144089,8.04821227,20.09796269,20.90564677,20.13923122,3.098364722,2.958561777,2.470471637,2.366800077,2.958561777,3.205451703,3.368989683,2.958561777,1.772298378
88,0.172575238,0.13382056,0.092605022,0.102954929,0.13382056,0.172575238,0.026252709,0.138217863,0.483503049,8.065607878,20.87130515,30.75483674,30.33002618,20.87130515,8.237607883,20.57092063,21.39761165,20.61316032,3.084437963,2.945318582,2.455666266,2.353097396,2.945318582,3.190804548,3.366364976,2.945318582,1.739689201
92,0.177239931,0.137437718,0.095108128,0.105737791,0.137437718,0.177239931,0.027142697,0.141638725,0.492176959,8.246880127,21.34038181,31.44604297,31.01168491,21.34038181,8.422745783,21.03324624,21.8785169,21.07643525,3.070503276,2.931974239,2.440964615,2.339157923,2.931974239,3.17622186,3.363582949,2.931974239,1.707213511
96,0.181824171,0.14099249,0.097568061,0.108472657,0.14099249,0.181824171,0.028023059,0.144993282,0.50062743,8.42425268,21.79936726,32.12237934,31.67867917,21.79936726,8.603900826,21.48562587,22.34907647,21.52974378,3.056553465,2.918511506,2.426412708,2.325090925,2.918511506,3.16170061,3.360638812,2.918511506,1.67493737
100,0.186332614,0.144488486,0.099987323,0.111162303,0.144488486,0.186332614,0.028894296,0.148285506,0.508869179,8.597966887,22.24888605,32.78476613,32.33191654,22.24888605,8.781319509,21.92867508,22.80993066,21.97370273,3.042582232,2.904915406,2.412050733,2.310992457,2.904915406,3.147238054,3.357528581,2.904915406,1.642918482
104,0.190769473,0.147928973,0.10236817,0.113809244,0.147928973,0.190769473,0.029756862,0.151518981,0.516915415,8.768240187,22.68950082,33.43403244,32.97221467,22.68950082,8.955223906,22.36294842,23.26165631,22.40886781,3.028584049,2.89117289,2.397913916,2.296947309,2.89117289,3.132831703,3.354248943,2.89117289,1.611207445
108,0.195138576,0.15131692,0.10471266,0.116415763,0.15131692,0.195138576,0.030611171,0.154696956,0.524778036,8.935269294,23.12172063,34.07092839,33.60031329,23.12172063,9.125814928,22.78894762,23.70477529,22.83574174,3.014554043,2.877272554,2.384033237,2.283030608,2.877272554,3.118479283,3.350797153,2.877272554,1.579848778
112,0.19944341,0.154655031,0.107022662,0.118983941,0.154655031,0.19944341,0.031457604,0.15782239,0.532467809,9.099232866,23.54600777,34.69613518,34.21688423,23.54600777,9.293275041,23.20712833,24.13976158,23.25478113,3.000487909,2.863204403,2.370436029,2.269309149,2.863204403,3.104178714,3.347170944,2.863204403,1.548881773
116,0.203687168,0.157945782,0.109299892,0.121515683,0.157945782,0.203687168,0.032296511,0.160897982,0.539994509,9.260293739,23.96278363,35.31027375,34.82253982,23.96278363,9.457770556,23.61790586,24.56704717,23.66640213,2.986381826,2.848959657,2.357146471,2.255842506,2.848959657,3.089928082,3.343368462,2.848959657,1.518341202
120,0.207872781,0.161191444,0.111545919,0.124012734,0.161191444,0.207872781,0.033128217,0.163926206,0.547367045,9.418600826,24.37243353,35.9139119,35.41784003,24.37243353,9.619453559,24.02165999,24.98702712,24.07098532,2.972232403,2.83453059,2.344185999,2.242683958,2.83453059,3.075725624,3.339388197,2.83453059,1.488257914
124,0.212002942,0.164394109,0.113762192,0.126476707,0.164394109,0.212002942,0.033953018,0.166909336,0.55459356,9.574290726,24.77531097,36.5075705,36.00329854,24.77531097,9.778463564,24.41873912,25.40006381,24.4688798,2.958036615,2.819910394,2.331573666,2.229881285,2.819910394,3.061569709,3.335228943,2.819910394,1.458659334
128,0.216080143,0.167555706,0.115950045,0.128909083,0.167555706,0.216080143,0.034771194,0.169849466,0.561681521,9.727489105,25.17174112,37.09172872,36.5793879,25.17174112,9.934928916,24.80946376,25.80649064,24.86040674,2.943791764,2.80509306,2.319326431,2.217477429,2.80509306,3.047458825,3.330889747,2.80509306,1.42956989
132,0.220106686,0.170678021,0.118110714,0.131311238,0.170678021,0.220106686,0.035583001,0.172748532,0.568637793,9.878311883,25.56202394,37.66682857,37.14654401,25.56202394,10.08896801,25.19412955,26.20661513,25.24586239,2.929495438,2.79007328,2.307459414,2.205511075,2.79007328,3.033391565,3.326369881,2.79007328,1.401011375
136,0.224084709,0.173762711,0.120245348,0.133684447,0.173762711,0.224084709,0.03638868,0.175608326,0.575468705,10.02686626,25.94643685,38.23327883,37.70517,25.94643685,10.24069033,25.5730099,26.60072168,25.62552072,2.915145476,2.774846365,2.295986118,2.194017133,2.774846365,3.019366617,3.321668806,2.774846365,1.37300326
140,0.228016197,0.176811318,0.122355011,0.136029893,0.176811318,0.228016197,0.037188456,0.178430513,0.582180108,10.17325162,26.32523699,38.79145841,38.25563956,26.32523699,10.39019736,25.94635826,26.98907393,25.9996357,2.900739941,2.759408168,2.284918609,2.183027167,2.759408168,3.005382758,3.316786153,2.759408168,1.345562957
144,0.231903003,0.179825276,0.124440696,0.138348684,0.179825276,0.231903003,0.037982539,0.18121664,0.588777418,10.31756026,26.69866326,39.34171935,38.79829985,26.69866326,10.53758341,26.31441009,27.37191679,26.36844328,2.886277094,2.743755027,2.274267683,2.172569759,2.743755027,2.99143884,3.311721694,2.743755027,1.318706056
148,0.235746854,0.182805925,0.126503332,0.140641849,0.182805925,0.235746854,0.038771126,0.183968152,0.595265666,10.45987816,27.06693808,39.88438939,39.33347409,27.06693808,10.68293626,26.67738462,27.74947831,26.73216313,2.871755373,2.727883704,2.264043002,2.162670831,2.727883704,2.977533787,3.306475326,2.727883704,1.292446521
152,0.239549368,0.185754521,0.128543787,0.142910352,0.185754521,0.239549368,0.039554401,0.186686398,0.601649532,10.6002855,27.43026894,40.41977428,39.86146381,27.43026894,10.82633779,27.03548634,28.12197119,27.09100017,2.857173373,2.711791343,2.254253221,2.153353918,2.711791343,2.963666588,3.301047059,2.711791343,1.266796868
156,0.24331206,0.188672237,0.130562872,0.145155099,0.188672237,0.24331206,0.04033254,0.189372639,0.607933376,10.7388572,27.78884977,40.94815977,40.38255082,27.78884977,10.96786455,27.38890639,28.48959426,27.44514592,2.842529831,2.695475428,2.244906087,2.144640416,2.695475428,2.949836289,3.295436995,2.695475428,1.241768316
160,0.247036352,0.191560177,0.132561353,0.147376937,0.191560177,0.247036352,0.041105706,0.19202806,0.614121272,10.87566344,28.14286212,41.46981341,40.89699895,28.14286212,11.1075882,27.73782372,28.85253366,27.79477971,2.82782361,2.678933743,2.236008541,2.136549793,2.678933743,2.936041993,3.28964532,2.678933743,1.21737092
164,0.250723583,0.194419377,0.134539945,0.149576665,0.194419377,0.250723583,0.041874054,0.19465377,0.62021703,11.01077003,28.4924763,41.98498612,41.40505569,28.4924763,11.24557596,28.08240618,29.21096397,28.14006971,2.813053687,2.662164346,2.227566795,2.129099779,2.662164346,2.922282849,3.283672293,2.662164346,1.193613692
168,0.254375011,0.197250816,0.136499326,0.151755034,0.197250816,0.254375011,0.042637731,0.197250816,0.62622422,11.14423879,28.83785226,42.49391362,41.90695348,28.83785226,11.38189095,28.42281141,29.56504919,28.48117392,2.798219143,2.645165538,2.219586406,2.122306534,2.645165538,2.908558054,3.277518235,2.645165538,1.170504702
