Time_h,Disc_vO2React_mm_per_h,Disc_vO2Diff_mm_per_h,Disc_Da,Disc_regime_by_Da,Disc_O2DiffLimited_surface_pct,Stent_vO2React_mm_per_h,Stent_vO2Diff_mm_per_h,Stent_Da,Stent_regime_by_Da,Stent_O2DiffLimited_surface_pct
0,0,0,,n/a,0,0,0,,n/a,0
4,-1.5e-05,-0.00018082,0.0829554,reaction-controlled (Da<1),1.81168,0,0,,n/a,0
8,-1.48981e-05,-4.02089e-05,0.370518,reaction-controlled (Da<1),16.8586,-1.55745e-05,-3.32982e-05,0.467729,reaction-controlled (Da<1),4.11212
12,-1.4797e-05,-2.22254e-05,0.665768,reaction-controlled (Da<1),18.9365,-1.55491e-05,-3.07992e-05,0.504855,reaction-controlled (Da<1),4.92247
16,-1.46965e-05,-1.44487e-05,1.01715,diffusion-controlled (Da>=1),25.3998,-1.55237e-05,-2.84877e-05,0.544928,reaction-controlled (Da<1),5.8827
20,-1.45967e-05,-1.02942e-05,1.41795,diffusion-controlled (Da>=1),33.1663,-1.54984e-05,-2.63497e-05,0.588181,reaction-controlled (Da<1),7.01643
24,-1.44976e-05,-7.82006e-06,1.85389,diffusion-controlled (Da>=1),41.9713,-1.54731e-05,-2.43722e-05,0.634868,reaction-controlled (Da<1),8.34927
28,-1.43991e-05,-6.24199e-06,2.30681,diffusion-controlled (Da>=1),51.3187,-1.54479e-05,-2.25431e-05,0.68526,reaction-controlled (Da<1),9.90832
32,-1.43013e-05,-5.18581e-06,2.75778,diffusion-controlled (Da>=1),60.5738,-1.54227e-05,-2.08512e-05,0.739652,reaction-controlled (Da<1),11.7212
36,-1.42042e-05,-4.45297e-06,3.18983,diffusion-controlled (Da>=1),69.1285,-1.53975e-05,-1.92863e-05,0.798362,reaction-controlled (Da<1),13.815
40,-1.41078e-05,-3.9299e-06,3.58985,diffusion-controlled (Da>=1),99.5321,-1.53724e-05,-1.78389e-05,0.861732,reaction-controlled (Da<1),16.2141
44,-1.4012e-05,-3.54672e-06,3.95068,diffusion-controlled (Da>=1),99.5685,-1.53473e-05,-1.65001e-05,0.930132,reaction-controlled (Da<1),18.9383
48,-1.39168e-05,-3.25304e-06,4.27809,diffusion-controlled (Da>=1),99.6132,-1.53222e-05,-1.52618e-05,1.00396,diffusion-controlled (Da>=1),22
52,-1.38223e-05,-3.0276e-06,4.56543,diffusion-controlled (Da>=1),99.6547,-1.52972e-05,-1.41164e-05,1.08365,diffusion-controlled (Da>=1),25.4016
56,-1.37284e-05,-2.85897e-06,4.80189,diffusion-controlled (Da>=1),99.6913,-1.52722e-05,-1.3057e-05,1.16966,diffusion-controlled (Da>=1),29.1326
60,-1.36352e-05,-2.73556e-06,4.98443,diffusion-controlled (Da>=1),99.7235,-1.52473e-05,-1.2077e-05,1.26251,diffusion-controlled (Da>=1),33.1681
64,-1.35426e-05,-2.64308e-06,5.12381,diffusion-controlled (Da>=1),99.7525,-1.52224e-05,-1.11707e-05,1.36272,diffusion-controlled (Da>=1),37.4669
68,-1.34507e-05,-2.57092e-06,5.23184,diffusion-controlled (Da>=1),99.7804,-1.51976e-05,-1.03323e-05,1.47088,diffusion-controlled (Da>=1),41.9731
72,-1.33593e-05,-2.5138e-06,5.31439,diffusion-controlled (Da>=1),99.8067,-1.51728e-05,-9.55686e-06,1.58763,diffusion-controlled (Da>=1),46.6171
76,-1.32686e-05,-2.46799e-06,5.37629,diffusion-controlled (Da>=1),99.8285,-1.5148e-05,-8.83963e-06,1.71365,diffusion-controlled (Da>=1),51.3206
80,-1.31785e-05,-2.43081e-06,5.42144,diffusion-controlled (Da>=1),99.847,-1.51233e-05,-8.17621e-06,1.84967,diffusion-controlled (Da>=1),56.0008
84,-1.3089e-05,-2.40032e-06,5.45301,diffusion-controlled (Da>=1),99.8647,-1.50986e-05,-7.56259e-06,1.99649,diffusion-controlled (Da>=1),60.5766
88,-1.30001e-05,-2.37509e-06,5.47353,diffusion-controlled (Da>=1),99.8776,-1.5074e-05,-6.99502e-06,2.15496,diffusion-controlled (Da>=1),64.9743
92,-1.29118e-05,-2.35402e-06,5.48502,diffusion-controlled (Da>=1),99.8885,-1.50494e-05,-6.47005e-06,2.32601,diffusion-controlled (Da>=1),69.1313
96,-1.28242e-05,-2.33629e-06,5.48911,diffusion-controlled (Da>=1),99.9005,-1.50248e-05,-5.98447e-06,2.51063,diffusion-controlled (Da>=1),73
100,-1.27371e-05,-2.32126e-06,5.48714,diffusion-controlled (Da>=1),99.9123,-1.50003e-05,-5.53534e-06,2.70991,diffusion-controlled (Da>=1),99.9994
104,-1.26506e-05,-2.30844e-06,5.48015,diffusion-controlled (Da>=1),99.9215,-1.49703e-05,-5.41571e-06,2.76424,diffusion-controlled (Da>=1),100
108,-1.25647e-05,-2.29743e-06,5.46902,diffusion-controlled (Da>=1),99.9313,-1.49382e-05,-5.26929e-06,2.83496,diffusion-controlled (Da>=1),100
112,-1.24793e-05,-2.28792e-06,5.45444,diffusion-controlled (Da>=1),99.939,-1.49053e-05,-5.13894e-06,2.90046,diffusion-controlled (Da>=1),100
116,-1.23946e-05,-2.27967e-06,5.43701,diffusion-controlled (Da>=1),99.9475,-1.48715e-05,-5.05165e-06,2.94389,diffusion-controlled (Da>=1),100
120,-1.23104e-05,-2.27248e-06,5.41718,diffusion-controlled (Da>=1),99.9544,-1.48377e-05,-5.01567e-06,2.95827,diffusion-controlled (Da>=1),100
124,-1.22268e-05,-2.26618e-06,5.39536,diffusion-controlled (Da>=1),99.9601,-1.48034e-05,-5.00325e-06,2.95876,diffusion-controlled (Da>=1),99.9992
128,-1.21438e-05,-2.26063e-06,5.37187,diffusion-controlled (Da>=1),99.9649,-1.47707e-05,-4.99144e-06,2.9592,diffusion-controlled (Da>=1),100
132,-1.20613e-05,-2.25573e-06,5.34698,diffusion-controlled (Da>=1),99.9688,-1.47359e-05,-4.98022e-06,2.95888,diffusion-controlled (Da>=1),100
136,-1.19794e-05,-2.25138e-06,5.32092,diffusion-controlled (Da>=1),99.971,-1.47006e-05,-4.96954e-06,2.95814,diffusion-controlled (Da>=1),100
140,-1.18981e-05,-2.24752e-06,5.29388,diffusion-controlled (Da>=1),99.9724,-1.46648e-05,-4.95937e-06,2.95699,diffusion-controlled (Da>=1),100
144,-1.18173e-05,-2.24407e-06,5.26602,diffusion-controlled (Da>=1),99.974,-1.46287e-05,-4.94966e-06,2.95549,diffusion-controlled (Da>=1),99.9989
148,-1.1737e-05,-2.24097e-06,5.23748,diffusion-controlled (Da>=1),99.9752,-1.45922e-05,-4.9404e-06,2.95365,diffusion-controlled (Da>=1),99.9993
152,-1.16573e-05,-2.2382e-06,5.20837,diffusion-controlled (Da>=1),99.9759,-1.45572e-05,-4.93155e-06,2.95185,diffusion-controlled (Da>=1),100
156,-1.15782e-05,-2.23569e-06,5.17879,diffusion-controlled (Da>=1),99.9769,-1.45207e-05,-4.92309e-06,2.94951,diffusion-controlled (Da>=1),100
160,-1.14996e-05,-2.23343e-06,5.14883,diffusion-controlled (Da>=1),99.9778,-1.44835e-05,-4.91499e-06,2.9468,diffusion-controlled (Da>=1),100
164,-1.14215e-05,-2.23138e-06,5.11855,diffusion-controlled (Da>=1),99.9785,-1.44461e-05,-4.90723e-06,2.94384,diffusion-controlled (Da>=1),100
168,-1.13439e-05,-2.22953e-06,5.08803,diffusion-controlled (Da>=1),99.9792,-1.44083e-05,-4.89979e-06,2.94059,diffusion-controlled (Da>=1),99.9988
172,-1.12669e-05,-2.22784e-06,5.05732,diffusion-controlled (Da>=1),99.98,-1.43702e-05,-4.89266e-06,2.93709,diffusion-controlled (Da>=1),99.9993
176,-1.11904e-05,-2.22629e-06,5.02645,diffusion-controlled (Da>=1),99.9806,-1.43338e-05,-4.88581e-06,2.93376,diffusion-controlled (Da>=1),100
180,-1.11144e-05,-2.22488e-06,4.99548,diffusion-controlled (Da>=1),99.9818,-1.4296e-05,-4.87923e-06,2.92997,diffusion-controlled (Da>=1),100
184,-1.10389e-05,-2.22359e-06,4.96444,diffusion-controlled (Da>=1),99.9823,-1.42577e-05,-4.87291e-06,2.92591,diffusion-controlled (Da>=1),100
188,-1.09639e-05,-2.22241e-06,4.93335,diffusion-controlled (Da>=1),99.9828,-1.42193e-05,-4.86682e-06,2.92168,diffusion-controlled (Da>=1),100
192,-1.08895e-05,-2.22132e-06,4.90225,diffusion-controlled (Da>=1),99.9832,-1.41807e-05,-4.86097e-06,2.91726,diffusion-controlled (Da>=1),99.9989
196,-1.08155e-05,-2.22032e-06,4.87116,diffusion-controlled (Da>=1),99.9834,-1.41419e-05,-4.85533e-06,2.91266,diffusion-controlled (Da>=1),99.9994
200,-1.07421e-05,-2.2194e-06,4.84009,diffusion-controlled (Da>=1),99.9834,-1.41048e-05,-4.84989e-06,2.90827,diffusion-controlled (Da>=1),99.9986
204,-1.06691e-05,-2.21854e-06,4.80908,diffusion-controlled (Da>=1),99.9833,-1.40665e-05,-4.84465e-06,2.90351,diffusion-controlled (Da>=1),99.9988
208,-1.05967e-05,-2.21775e-06,4.77812,diffusion-controlled (Da>=1),99.9834,-1.40279e-05,-4.83959e-06,2.89857,diffusion-controlled (Da>=1),99.999
212,-1.05247e-05,-2.21702e-06,4.74724,diffusion-controlled (Da>=1),99.9833,-1.39892e-05,-4.83471e-06,2.89349,diffusion-controlled (Da>=1),99.9991
216,-1.04533e-05,-2.21634e-06,4.71645,diffusion-controlled (Da>=1),99.9837,-1.39505e-05,-4.82999e-06,2.88831,diffusion-controlled (Da>=1),99.9994
220,-1.03823e-05,-2.21571e-06,4.68575,diffusion-controlled (Da>=1),99.9839,-1.39117e-05,-4.82544e-06,2.88299,diffusion-controlled (Da>=1),99.9906
224,-1.03118e-05,-2.21512e-06,4.65516,diffusion-controlled (Da>=1),99.9841,-1.38746e-05,-4.82103e-06,2.87793,diffusion-controlled (Da>=1),99.999
228,-1.02417e-05,-2.21458e-06,4.62469,diffusion-controlled (Da>=1),99.9842,-1.38365e-05,-4.81677e-06,2.87257,diffusion-controlled (Da>=1),99.9992
232,-1.01722e-05,-2.21407e-06,4.59435,diffusion-controlled (Da>=1),99.9841,-1.37983e-05,-4.81264e-06,2.86709,diffusion-controlled (Da>=1),99.9992
236,-1.01031e-05,-2.21359e-06,4.56413,diffusion-controlled (Da>=1),99.984,-1.37602e-05,-4.80865e-06,2.86155,diffusion-controlled (Da>=1),99.9994
240,-1.00345e-05,-2.21315e-06,4.53405,diffusion-controlled (Da>=1),99.9838,-1.37222e-05,-4.80478e-06,2.85595,diffusion-controlled (Da>=1),99.9995
244,-9.96637e-06,-2.21273e-06,4.50411,diffusion-controlled (Da>=1),99.9836,-1.36842e-05,-4.80103e-06,2.85026,diffusion-controlled (Da>=1),99.9919
248,-9.89869e-06,-2.21234e-06,4.47431,diffusion-controlled (Da>=1),99.9836,-1.36477e-05,-4.79739e-06,2.84481,diffusion-controlled (Da>=1),99.9993
252,-9.83147e-06,-2.21197e-06,4.44466,diffusion-controlled (Da>=1),99.9837,-1.36106e-05,-4.79387e-06,2.83917,diffusion-controlled (Da>=1),99.9995
256,-9.76471e-06,-2.21163e-06,4.41517,diffusion-controlled (Da>=1),99.9839,-1.35735e-05,-4.79045e-06,2.83345,diffusion-controlled (Da>=1),99.9995
260,-9.6984e-06,-2.2113e-06,4.38583,diffusion-controlled (Da>=1),99.9839,-1.35364e-05,-4.78713e-06,2.82767,diffusion-controlled (Da>=1),99.9918
264,-9.63254e-06,-2.211e-06,4.35664,diffusion-controlled (Da>=1),99.984,-1.34996e-05,-4.7839e-06,2.82188,diffusion-controlled (Da>=1),99.992
268,-9.56713e-06,-2.21071e-06,4.32762,diffusion-controlled (Da>=1),99.9841,-1.34629e-05,-4.78077e-06,2.81605,diffusion-controlled (Da>=1),99.9923
272,-9.50216e-06,-2.21044e-06,4.29876,diffusion-controlled (Da>=1),99.9841,-1.34275e-05,-4.77773e-06,2.81044,diffusion-controlled (Da>=1),99.9993
276,-9.43763e-06,-2.21019e-06,4.27006,diffusion-controlled (Da>=1),99.984,-1.33918e-05,-4.77477e-06,2.8047,diffusion-controlled (Da>=1),99.9993
280,-9.37355e-06,-2.20995e-06,4.24152,diffusion-controlled (Da>=1),99.9839,-1.33561e-05,-4.77189e-06,2.79891,diffusion-controlled (Da>=1),99.9915
284,-9.30989e-06,-2.20972e-06,4.21315,diffusion-controlled (Da>=1),99.9836,-1.33206e-05,-4.76909e-06,2.79311,diffusion-controlled (Da>=1),99.992
288,-9.24667e-06,-2.20951e-06,4.18495,diffusion-controlled (Da>=1),99.9827,-1.32853e-05,-4.76636e-06,2.7873,diffusion-controlled (Da>=1),99.9888
292,-9.18388e-06,-2.2093e-06,4.15691,diffusion-controlled (Da>=1),99.9823,-1.32502e-05,-4.76371e-06,2.78149,diffusion-controlled (Da>=1),99.9851
296,-9.12151e-06,-2.20911e-06,4.12905,diffusion-controlled (Da>=1),99.982,-1.32163e-05,-4.76113e-06,2.77587,diffusion-controlled (Da>=1),99.9929
300,-9.05957e-06,-2.20893e-06,4.10135,diffusion-controlled (Da>=1),99.9818,-1.31823e-05,-4.75862e-06,2.7702,diffusion-controlled (Da>=1),99.9898
304,-8.99805e-06,-2.20875e-06,4.07381,diffusion-controlled (Da>=1),99.9816,-1.31483e-05,-4.75616e-06,2.76448,diffusion-controlled (Da>=1),99.9899
308,-8.93695e-06,-2.20859e-06,4.04645,diffusion-controlled (Da>=1),99.9813,-1.31145e-05,-4.75378e-06,2.75875,diffusion-controlled (Da>=1),99.9904
312,-8.87626e-06,-2.20843e-06,4.01926,diffusion-controlled (Da>=1),99.9811,-1.3081e-05,-4.75145e-06,2.75306,diffusion-controlled (Da>=1),99.9906
316,-8.81598e-06,-2.20828e-06,3.99223,diffusion-controlled (Da>=1),99.9808,-1.30476e-05,-4.74918e-06,2.74734,diffusion-controlled (Da>=1),99.9877
320,-8.75612e-06,-2.20814e-06,3.96537,diffusion-controlled (Da>=1),99.9804,-1.30153e-05,-4.74696e-06,2.74182,diffusion-controlled (Da>=1),99.9924
324,-8.69666e-06,-2.20801e-06,3.93869,diffusion-controlled (Da>=1),99.9803,-1.2983e-05,-4.7448e-06,2.73626,diffusion-controlled (Da>=1),99.9924
328,-8.6376e-06,-2.20788e-06,3.91217,diffusion-controlled (Da>=1),99.9803,-1.29508e-05,-4.74269e-06,2.73069,diffusion-controlled (Da>=1),99.9925
332,-8.57894e-06,-2.20776e-06,3.88581,diffusion-controlled (Da>=1),99.9801,-1.29188e-05,-4.74063e-06,2.72512,diffusion-controlled (Da>=1),99.9926
336,-8.52069e-06,-2.20764e-06,3.85963,diffusion-controlled (Da>=1),99.9798,-1.28871e-05,-4.73862e-06,2.71959,diffusion-controlled (Da>=1),99.9931
340,-8.46282e-06,-2.20753e-06,3.83361,diffusion-controlled (Da>=1),99.9794,-1.28556e-05,-4.73666e-06,2.71407,diffusion-controlled (Da>=1),99.9934
344,-8.40536e-06,-2.20743e-06,3.80776,diffusion-controlled (Da>=1),99.9796,-1.28249e-05,-4.73474e-06,2.70868,diffusion-controlled (Da>=1),99.9939
348,-8.34828e-06,-2.20733e-06,3.78208,diffusion-controlled (Da>=1),99.9796,-1.27944e-05,-4.73286e-06,2.70331,diffusion-controlled (Da>=1),99.9941
352,-8.29159e-06,-2.20723e-06,3.75656,diffusion-controlled (Da>=1),99.9794,-1.27639e-05,-4.73103e-06,2.69791,diffusion-controlled (Da>=1),99.9946
356,-8.23528e-06,-2.20714e-06,3.73121,diffusion-controlled (Da>=1),99.9794,-1.27337e-05,-4.72924e-06,2.69255,diffusion-controlled (Da>=1),99.9951
360,-8.17936e-06,-2.20705e-06,3.70602,diffusion-controlled (Da>=1),99.9792,-1.27037e-05,-4.72749e-06,2.6872,diffusion-controlled (Da>=1),99.9953
364,-8.12381e-06,-2.20696e-06,3.68099,diffusion-controlled (Da>=1),99.9792,-1.26739e-05,-4.72577e-06,2.68187,diffusion-controlled (Da>=1),99.9954
368,-8.06865e-06,-2.20688e-06,3.65613,diffusion-controlled (Da>=1),99.979,-1.26447e-05,-4.7241e-06,2.67664,diffusion-controlled (Da>=1),99.9957
372,-8.01385e-06,-2.20681e-06,3.63143,diffusion-controlled (Da>=1),99.9787,-1.2616e-05,-4.72246e-06,2.67149,diffusion-controlled (Da>=1),99.9961
376,-7.95943e-06,-2.20673e-06,3.60689,diffusion-controlled (Da>=1),99.9783,-1.25872e-05,-4.72085e-06,2.6663,diffusion-controlled (Da>=1),99.9963
380,-7.90538e-06,-2.20666e-06,3.58251,diffusion-controlled (Da>=1),99.9779,-1.25586e-05,-4.71928e-06,2.66113,diffusion-controlled (Da>=1),99.9965
384,-7.8517e-06,-2.20659e-06,3.55829,diffusion-controlled (Da>=1),99.9775,-1.25302e-05,-4.71774e-06,2.65597,diffusion-controlled (Da>=1),99.9966
388,-7.79838e-06,-2.20653e-06,3.53423,diffusion-controlled (Da>=1),99.9769,-1.2502e-05,-4.71623e-06,2.65084,diffusion-controlled (Da>=1),99.9969
392,-7.74542e-06,-2.20646e-06,3.51033,diffusion-controlled (Da>=1),99.9765,-1.2474e-05,-4.71476e-06,2.64574,diffusion-controlled (Da>=1),99.9971
396,-7.69283e-06,-2.2064e-06,3.48659,diffusion-controlled (Da>=1),99.9764,-1.24467e-05,-4.71331e-06,2.64075,diffusion-controlled (Da>=1),99.9971
400,-7.64059e-06,-2.20634e-06,3.46301,diffusion-controlled (Da>=1),99.9757,-1.24194e-05,-4.71189e-06,2.63575,diffusion-controlled (Da>=1),99.997
404,-7.5887e-06,-2.20629e-06,3.43958,diffusion-controlled (Da>=1),99.9753,-1.23924e-05,-4.71051e-06,2.6308,diffusion-controlled (Da>=1),99.9969
408,-7.53717e-06,-2.20624e-06,3.4163,diffusion-controlled (Da>=1),99.9747,-1.23653e-05,-4.70915e-06,2.62581,diffusion-controlled (Da>=1),99.9809
412,-7.48599e-06,-2.20618e-06,3.39318,diffusion-controlled (Da>=1),99.974,-1.23385e-05,-4.70781e-06,2.62086,diffusion-controlled (Da>=1),99.9794
416,-7.43515e-06,-2.20613e-06,3.37022,diffusion-controlled (Da>=1),99.9736,-1.23118e-05,-4.7065e-06,2.61591,diffusion-controlled (Da>=1),99.9946
420,-7.38466e-06,-2.20609e-06,3.3474,diffusion-controlled (Da>=1),99.9734,-1.22859e-05,-4.70522e-06,2.61112,diffusion-controlled (Da>=1),99.9946
424,-7.33451e-06,-2.20604e-06,3.32474,diffusion-controlled (Da>=1),99.9725,-1.22598e-05,-4.70396e-06,2.60627,diffusion-controlled (Da>=1),99.9814
428,-7.28471e-06,-2.206e-06,3.30223,diffusion-controlled (Da>=1),99.972,-1.2234e-05,-4.70273e-06,2.60147,diffusion-controlled (Da>=1),99.9813
432,-7.23524e-06,-2.20595e-06,3.27987,diffusion-controlled (Da>=1),99.9712,-1.22082e-05,-4.70151e-06,2.59665,diffusion-controlled (Da>=1),99.9803
436,-7.18611e-06,-2.20591e-06,3.25766,diffusion-controlled (Da>=1),99.9716,-1.21828e-05,-4.70033e-06,2.59191,diffusion-controlled (Da>=1),99.9793
440,-7.13731e-06,-2.20587e-06,3.23559,diffusion-controlled (Da>=1),99.9711,-1.21571e-05,-4.69916e-06,2.58708,diffusion-controlled (Da>=1),99.9817
444,-7.08884e-06,-2.20583e-06,3.21368,diffusion-controlled (Da>=1),99.9699,-1.21325e-05,-4.69801e-06,2.58247,diffusion-controlled (Da>=1),99.982
448,-7.0407e-06,-2.2058e-06,3.19191,diffusion-controlled (Da>=1),99.9684,-1.21077e-05,-4.69689e-06,2.57781,diffusion-controlled (Da>=1),99.9824
452,-6.99289e-06,-2.20576e-06,3.17028,diffusion-controlled (Da>=1),99.9669,-1.2083e-05,-4.69578e-06,2.57316,diffusion-controlled (Da>=1),99.9816
456,-6.9454e-06,-2.20573e-06,3.1488,diffusion-controlled (Da>=1),99.9656,-1.20585e-05,-4.6947e-06,2.56854,diffusion-controlled (Da>=1),99.974
460,-6.89824e-06,-2.20569e-06,3.12747,diffusion-controlled (Da>=1),99.9644,-1.20343e-05,-4.69363e-06,2.56396,diffusion-controlled (Da>=1),99.9574
464,-6.85139e-06,-2.20566e-06,3.10628,diffusion-controlled (Da>=1),99.9626,-1.20094e-05,-4.69259e-06,2.55923,diffusion-controlled (Da>=1),99.9835
468,-6.80487e-06,-2.20563e-06,3.08522,diffusion-controlled (Da>=1),99.9608,-1.1986e-05,-4.69156e-06,2.5548,diffusion-controlled (Da>=1),99.9793
472,-6.75866e-06,-2.2056e-06,3.06432,diffusion-controlled (Da>=1),99.9593,-1.19623e-05,-4.69055e-06,2.5503,diffusion-controlled (Da>=1),99.9628
476,-6.71276e-06,-2.20557e-06,3.04355,diffusion-controlled (Da>=1),99.9584,-1.19387e-05,-4.68956e-06,2.54581,diffusion-controlled (Da>=1),99.9646
480,-6.66718e-06,-2.20554e-06,3.02292,diffusion-controlled (Da>=1),99.9572,-1.19151e-05,-4.68858e-06,2.5413,diffusion-controlled (Da>=1),99.9527
484,-6.6219e-06,-2.20552e-06,3.00243,diffusion-controlled (Da>=1),99.9551,-1.18917e-05,-4.68762e-06,2.53683,diffusion-controlled (Da>=1),99.9408
488,-6.57693e-06,-2.20549e-06,2.98207,diffusion-controlled (Da>=1),99.9538,-1.1868e-05,-4.68668e-06,2.53229,diffusion-controlled (Da>=1),99.9739
492,-6.53227e-06,-2.20547e-06,2.96186,diffusion-controlled (Da>=1),99.9521,-1.18455e-05,-4.68575e-06,2.52798,diffusion-controlled (Da>=1),99.9739
496,-6.48791e-06,-2.20544e-06,2.94178,diffusion-controlled (Da>=1),99.9507,-1.18228e-05,-4.68484e-06,2.52363,diffusion-controlled (Da>=1),99.9636
500,-6.44386e-06,-2.20542e-06,2.92183,diffusion-controlled (Da>=1),99.9483,-1.18001e-05,-4.68394e-06,2.51927,diffusion-controlled (Da>=1),99.9538
504,-6.4001e-06,-2.20539e-06,2.90202,diffusion-controlled (Da>=1),99.9465,-1.17776e-05,-4.68306e-06,2.51494,diffusion-controlled (Da>=1),99.9515
508,-6.35664e-06,-2.20537e-06,2.88234,diffusion-controlled (Da>=1),99.9443,-1.17552e-05,-4.68219e-06,2.51062,diffusion-controlled (Da>=1),99.9415
512,-6.31347e-06,-2.20535e-06,2.8628,diffusion-controlled (Da>=1),99.942,-1.17319e-05,-4.68133e-06,2.5061,diffusion-controlled (Da>=1),99.9599
516,-6.2706e-06,-2.20533e-06,2.84338,diffusion-controlled (Da>=1),99.94,-1.17107e-05,-4.68049e-06,2.50202,diffusion-controlled (Da>=1),99.9593
520,-6.22801e-06,-2.20531e-06,2.8241,diffusion-controlled (Da>=1),99.9379,-1.16888e-05,-4.67966e-06,2.49779,diffusion-controlled (Da>=1),99.9548
524,-6.18572e-06,-2.20529e-06,2.80495,diffusion-controlled (Da>=1),99.9357,-1.16669e-05,-4.67885e-06,2.49354,diffusion-controlled (Da>=1),99.9558
528,-6.14372e-06,-2.20527e-06,2.78593,diffusion-controlled (Da>=1),99.9335,-1.16451e-05,-4.67805e-06,2.48931,diffusion-controlled (Da>=1),99.9466
532,-6.102e-06,-2.20525e-06,2.76703,diffusion-controlled (Da>=1),99.9306,-1.16233e-05,-4.67726e-06,2.48507,diffusion-controlled (Da>=1),99.9399
536,-6.06056e-06,-2.20523e-06,2.74826,diffusion-controlled (Da>=1),99.9276,-1.16009e-05,-4.67648e-06,2.48069,diffusion-controlled (Da>=1),99.9607
540,-6.0194e-06,-2.20521e-06,2.72962,diffusion-controlled (Da>=1),99.9246,-1.15805e-05,-4.67572e-06,2.47673,diffusion-controlled (Da>=1),99.9527
544,-5.97853e-06,-2.2052e-06,2.71111,diffusion-controlled (Da>=1),99.923,-1.15593e-05,-4.67496e-06,2.4726,diffusion-controlled (Da>=1),99.9561
548,-5.93793e-06,-2.20518e-06,2.69272,diffusion-controlled (Da>=1),99.9211,-1.15382e-05,-4.67422e-06,2.46848,diffusion-controlled (Da>=1),99.9512
552,-5.89761e-06,-2.20517e-06,2.67445,diffusion-controlled (Da>=1),99.9188,-1.15171e-05,-4.67349e-06,2.46435,diffusion-controlled (Da>=1),99.9519
556,-5.85756e-06,-2.20515e-06,2.65631,diffusion-controlled (Da>=1),99.9162,-1.14962e-05,-4.67277e-06,2.46025,diffusion-controlled (Da>=1),99.9547
560,-5.81778e-06,-2.20513e-06,2.63829,diffusion-controlled (Da>=1),99.9136,-1.14745e-05,-4.67206e-06,2.45598,diffusion-controlled (Da>=1),99.9601
564,-5.77827e-06,-2.20512e-06,2.62039,diffusion-controlled (Da>=1),99.9124,-1.14548e-05,-4.67136e-06,2.45213,diffusion-controlled (Da>=1),99.9636
568,-5.73903e-06,-2.20511e-06,2.60261,diffusion-controlled (Da>=1),99.9105,-1.14344e-05,-4.67067e-06,2.44813,diffusion-controlled (Da>=1),99.9685
572,-5.70006e-06,-2.20509e-06,2.58495,diffusion-controlled (Da>=1),99.9084,-1.14141e-05,-4.66999e-06,2.44414,diffusion-controlled (Da>=1),99.9735
576,-5.66135e-06,-2.20508e-06,2.56742,diffusion-controlled (Da>=1),99.9062,-1.13939e-05,-4.66932e-06,2.44016,diffusion-controlled (Da>=1),99.9767
580,-5.62291e-06,-2.20506e-06,2.55,diffusion-controlled (Da>=1),99.903,-1.13735e-05,-4.66867e-06,2.43614,diffusion-controlled (Da>=1),99.9676
584,-5.58473e-06,-2.20505e-06,2.5327,diffusion-controlled (Da>=1),99.9007,-1.1352e-05,-4.66802e-06,2.43187,diffusion-controlled (Da>=1),99.9853
588,-5.5468e-06,-2.20504e-06,2.51551,diffusion-controlled (Da>=1),99.8999,-1.13334e-05,-4.66737e-06,2.42822,diffusion-controlled (Da>=1),99.9875
592,-5.50913e-06,-2.20503e-06,2.49844,diffusion-controlled (Da>=1),99.8978,-1.13138e-05,-4.66674e-06,2.42435,diffusion-controlled (Da>=1),99.9897
596,-5.47172e-06,-2.20502e-06,2.48149,diffusion-controlled (Da>=1),99.8957,-1.12938e-05,-4.66612e-06,2.42038,diffusion-controlled (Da>=1),99.98
600,-5.43457e-06,-2.205e-06,2.46465,diffusion-controlled (Da>=1),99.8936,-1.12739e-05,-4.66551e-06,2.41644,diffusion-controlled (Da>=1),99.9759
604,-5.39766e-06,-2.20499e-06,2.44793,diffusion-controlled (Da>=1),99.8911,-1.12539e-05,-4.6649e-06,2.41246,diffusion-controlled (Da>=1),99.9645
608,-5.36101e-06,-2.20498e-06,2.43132,diffusion-controlled (Da>=1),99.8886,-1.12334e-05,-4.6643e-06,2.40838,diffusion-controlled (Da>=1),99.988
612,-5.3246e-06,-2.20497e-06,2.41482,diffusion-controlled (Da>=1),99.887,-1.12154e-05,-4.66371e-06,2.40482,diffusion-controlled (Da>=1),99.9804
616,-5.28844e-06,-2.20496e-06,2.39843,diffusion-controlled (Da>=1),99.8863,-1.11961e-05,-4.66313e-06,2.40098,diffusion-controlled (Da>=1),99.9756
620,-5.25253e-06,-2.20495e-06,2.38215,diffusion-controlled (Da>=1),99.8849,-1.11768e-05,-4.66256e-06,2.39714,diffusion-controlled (Da>=1),99.9717
624,-5.21686e-06,-2.20494e-06,2.36599,diffusion-controlled (Da>=1),99.8826,-1.11574e-05,-4.66199e-06,2.39327,diffusion-controlled (Da>=1),99.9422
628,-5.18144e-06,-2.20493e-06,2.34993,diffusion-controlled (Da>=1),99.881,-1.11385e-05,-4.66143e-06,2.3895,diffusion-controlled (Da>=1),99.9066
632,-5.14625e-06,-2.20492e-06,2.33398,diffusion-controlled (Da>=1),99.8773,-1.11183e-05,-4.66088e-06,2.38545,diffusion-controlled (Da>=1),99.9732
636,-5.1113e-06,-2.20491e-06,2.31814,diffusion-controlled (Da>=1),99.8756,-1.11009e-05,-4.66034e-06,2.38199,diffusion-controlled (Da>=1),99.9415
640,-5.0766e-06,-2.2049e-06,2.30241,diffusion-controlled (Da>=1),99.8743,-1.10821e-05,-4.6598e-06,2.37823,diffusion-controlled (Da>=1),99.9324
644,-5.04212e-06,-2.20489e-06,2.28679,diffusion-controlled (Da>=1),99.8709,-1.10634e-05,-4.65927e-06,2.37449,diffusion-controlled (Da>=1),99.9095
648,-5.00788e-06,-2.20489e-06,2.27127,diffusion-controlled (Da>=1),99.8682,-1.10449e-05,-4.65875e-06,2.37079,diffusion-controlled (Da>=1),99.8895
652,-4.97387e-06,-2.20488e-06,2.25585,diffusion-controlled (Da>=1),99.8663,-1.10263e-05,-4.65823e-06,2.36706,diffusion-controlled (Da>=1),99.8432
656,-4.9401e-06,-2.20487e-06,2.24054,diffusion-controlled (Da>=1),99.8632,-1.10071e-05,-4.65772e-06,2.36319,diffusion-controlled (Da>=1),99.9165
660,-4.90655e-06,-2.20486e-06,2.22533,diffusion-controlled (Da>=1),99.8619,-1.09901e-05,-4.65722e-06,2.3598,diffusion-controlled (Da>=1),99.8938
664,-4.87323e-06,-2.20485e-06,2.21023,diffusion-controlled (Da>=1),99.8591,-1.09718e-05,-4.65672e-06,2.35612,diffusion-controlled (Da>=1),99.8816
668,-4.84014e-06,-2.20485e-06,2.19523,diffusion-controlled (Da>=1),99.8568,-1.09537e-05,-4.65623e-06,2.35248,diffusion-controlled (Da>=1),99.8551
672,-4.80727e-06,-2.20484e-06,2.18033,diffusion-controlled (Da>=1),99.8544,-1.09356e-05,-4.65575e-06,2.34884,diffusion-controlled (Da>=1),99.8474
