Time_h,SAV_48.21_scaled_pct,SAV_24.11_scaled_pct,SAV_16.07_scaled_pct,SAV_48.21_raw_pct,SAV_24.11_raw_pct,SAV_16.07_raw_pct
0,0,0,0,0,0,0
4,0.27138,0.156707,0.11544,0.189357,0.109343,0.080549
8,0.36311,0.226212,0.165469,0.253362,0.157841,0.115457
12,0.444558,0.288974,0.212974,0.310193,0.201633,0.148604
16,0.478412,0.358074,0.251286,0.333815,0.249848,0.175336
20,0.537705,0.394545,0.273055,0.375187,0.275296,0.190526
24,0.583607,0.455424,0.303805,0.407215,0.317775,0.211982
28,0.623581,0.501674,0.32985,0.435107,0.350046,0.230155
32,0.7437,0.591842,0.376362,0.518921,0.412961,0.262609
36,0.832283,0.679275,0.413582,0.58073,0.473968,0.288579
40,0.987999,0.760812,0.442209,0.689382,0.530861,0.308554
44,1.117237,0.824048,0.488839,0.779559,0.574984,0.34109
48,1.250565,0.905471,0.528762,0.872589,0.631798,0.368947
52,1.309973,0.951856,0.547651,0.914041,0.664163,0.382127
56,1.449346,1.040782,0.601973,1.01129,0.726212,0.42003
60,1.601649,1.131677,0.654104,1.11756,0.789634,0.456405
64,1.701928,1.175681,0.704681,1.18753,0.820338,0.491695
68,1.82217,1.245708,0.742611,1.27143,0.8692,0.518161
72,1.960227,1.305031,0.788266,1.36776,0.910593,0.550017
76,2.093268,1.37146,0.820724,1.46059,0.956944,0.572665
80,2.202719,1.437895,0.868628,1.53696,1.0033,0.60609
84,2.308573,1.503291,0.892979,1.61082,1.04893,0.623081
88,2.430306,1.566809,0.934444,1.69576,1.09325,0.652014
92,2.541878,1.625196,0.97531,1.77361,1.13399,0.680528
96,2.651243,1.688671,1.022816,1.84992,1.17828,0.713676
100,2.774753,1.728857,1.078651,1.9361,1.20632,0.752635
104,2.869714,1.77843,1.123955,2.00236,1.24091,0.784246
108,2.937661,1.837247,1.147343,2.04977,1.28195,0.800565
112,3.048874,1.885817,1.162269,2.12737,1.31584,0.81098
116,3.155144,1.933771,1.182889,2.20152,1.3493,0.825368
120,3.217415,1.988231,1.213925,2.24497,1.3873,0.847023
124,3.306171,2.036658,1.247052,2.3069,1.42109,0.870138
128,3.382229,2.112057,1.299771,2.35997,1.4737,0.906923
132,3.448756,2.164496,1.328071,2.40639,1.51029,0.926669
136,3.54217,2.21599,1.370274,2.47157,1.54622,0.956117
140,3.608311,2.234191,1.392026,2.51772,1.55892,0.971294
144,3.682807,2.283492,1.425489,2.5697,1.59332,0.994643
148,3.74052,2.346136,1.460439,2.60997,1.63703,1.01903
152,3.790996,2.403792,1.48936,2.64519,1.67726,1.03921
156,3.921888,2.439435,1.542918,2.73652,1.70213,1.07658
160,4.027655,2.516482,1.57975,2.81032,1.75589,1.10228
164,4.096261,2.560093,1.592477,2.85819,1.78632,1.11116
168,4.203935,2.588241,1.6086,2.93332,1.80596,1.12241
172,4.269215,2.611358,1.641634,2.97887,1.82209,1.14546
176,4.360838,2.633901,1.671874,3.0428,1.83782,1.16656
180,4.449379,2.682213,1.690104,3.10458,1.87153,1.17928
184,4.529593,2.730769,1.700265,3.16055,1.90541,1.18637
188,4.592079,2.775842,1.703891,3.20415,1.93686,1.1889
192,4.662476,2.798328,1.721419,3.25327,1.95255,1.20113
196,4.724403,2.841581,1.736582,3.29648,1.98273,1.21171
200,4.809161,2.91152,1.777642,3.35562,2.03153,1.24036
204,4.892843,2.928245,1.792145,3.41401,2.0432,1.25048
208,4.98501,2.984525,1.816753,3.47832,2.08247,1.26765
212,5.055952,3.024152,1.818487,3.52782,2.11012,1.26886
216,5.120459,3.052687,1.836774,3.57283,2.13003,1.28162
220,5.187588,3.082969,1.854144,3.61967,2.15116,1.29374
224,5.271285,3.116577,1.891149,3.67807,2.17461,1.31956
228,5.353061,3.143621,1.920199,3.73513,2.19348,1.33983
232,5.414874,3.187204,1.947845,3.77826,2.22389,1.35912
236,5.47726,3.226888,1.957877,3.82179,2.25158,1.36612
240,5.525443,3.268421,1.974946,3.85541,2.28056,1.37803
244,5.577739,3.313738,1.990653,3.8919,2.31218,1.38899
248,5.647047,3.329531,2.005945,3.94026,2.3232,1.39966
252,5.701235,3.350112,2.024734,3.97807,2.33756,1.41277
256,5.747942,3.38038,2.066468,4.01066,2.35868,1.44189
260,5.802244,3.389294,2.112085,4.04855,2.3649,1.47372
264,5.875966,3.426686,2.129928,4.09999,2.39099,1.48617
268,5.95181,3.44685,2.15445,4.15291,2.40506,1.50328
272,6.016861,3.473765,2.193289,4.1983,2.42384,1.53038
276,6.057878,3.487036,2.212364,4.22692,2.4331,1.54369
280,6.107509,3.519297,2.225263,4.26155,2.45561,1.55269
284,6.164721,3.54154,2.241515,4.30147,2.47113,1.56403
288,6.209307,3.566978,2.259845,4.33258,2.48888,1.57682
292,6.266433,3.604126,2.275524,4.37244,2.5148,1.58776
296,6.315762,3.635942,2.304187,4.40686,2.537,1.60776
300,6.392823,3.651048,2.322861,4.46063,2.54754,1.62079
304,6.453876,3.668862,2.343499,4.50323,2.55997,1.63519
308,6.505556,3.710797,2.362402,4.53929,2.58923,1.64838
312,6.555846,3.723537,2.372148,4.57438,2.59812,1.65518
316,6.618346,3.739632,2.381033,4.61799,2.60935,1.66138
320,6.661155,3.763867,2.411818,4.64786,2.62626,1.68286
324,6.687081,3.782397,2.428958,4.66595,2.63919,1.69482
328,6.736368,3.807206,2.450571,4.70034,2.6565,1.7099
332,6.779821,3.826123,2.454712,4.73066,2.6697,1.71279
336,6.796159,3.841372,2.466178,4.74206,2.68034,1.72079
340,6.838509,3.865292,2.479793,4.77161,2.69703,1.73029
344,6.869953,3.903013,2.491301,4.79355,2.72335,1.73832
348,6.91623,3.919924,2.509416,4.82584,2.73515,1.75096
352,6.953464,3.945391,2.52392,4.85182,2.75292,1.76108
356,7.017627,4.002016,2.538624,4.89659,2.79243,1.77134
360,7.082062,4.029318,2.551294,4.94155,2.81148,1.78018
364,7.125444,4.054642,2.561856,4.97182,2.82915,1.78755
368,7.163193,4.098224,2.57593,4.99816,2.85956,1.79737
372,7.216736,4.114763,2.584901,5.03552,2.8711,1.80363
376,7.281229,4.134928,2.590505,5.08052,2.88517,1.80754
380,7.325098,4.14688,2.603848,5.11113,2.89351,1.81685
384,7.340934,4.170614,2.616001,5.12218,2.91007,1.82533
388,7.376706,4.180818,2.635177,5.14714,2.91719,1.83871
392,7.413567,4.195723,2.64498,5.17286,2.92759,1.84555
396,7.459801,4.229875,2.656488,5.20512,2.95142,1.85358
400,7.493925,4.253995,2.672324,5.22893,2.96825,1.86463
404,7.52544,4.263167,2.68164,5.25092,2.97465,1.87113
408,7.554677,4.273343,2.697147,5.27132,2.98175,1.88195
412,7.603404,4.289122,2.71016,5.30532,2.99276,1.89103
416,7.643361,4.306779,2.733076,5.3332,3.00508,1.90702
420,7.692633,4.315808,2.73901,5.36758,3.01138,1.91116
424,7.765768,4.351393,2.758056,5.41861,3.03621,1.92445
428,7.817419,4.364879,2.759547,5.45465,3.04562,1.92549
432,7.883459,4.379684,2.763588,5.50073,3.05595,1.92831
436,7.919618,4.384456,2.783939,5.52596,3.05928,1.94251
440,7.958342,4.395477,2.794545,5.55298,3.06697,1.94991
444,8.035662,4.422077,2.825415,5.60693,3.08553,1.97145
448,8.108094,4.454452,2.839661,5.65747,3.10812,1.98139
452,8.137474,4.489708,2.85683,5.67797,3.13272,1.99337
456,8.164747,4.508081,2.865157,5.697,3.14554,1.99918
460,8.218949,4.518916,2.888976,5.73482,3.1531,2.0158
464,8.251353,4.553111,2.89812,5.75743,3.17696,2.02218
468,8.303062,4.601022,2.906289,5.79351,3.21039,2.02788
472,8.351861,4.623336,2.920219,5.82756,3.22596,2.0376
476,8.394899,4.673669,2.925995,5.85759,3.26108,2.04163
480,8.440001,4.696571,2.941688,5.88906,3.27706,2.05258
484,8.476475,4.71536,2.946303,5.91451,3.29017,2.0558
488,8.526593,4.737631,2.957797,5.94948,3.30571,2.06382
492,8.571365,4.765736,2.975066,5.98072,3.32532,2.07587
496,8.614331,4.783091,2.980154,6.0107,3.33743,2.07942
500,8.653543,4.792923,2.989154,6.03806,3.34429,2.0857
504,8.707114,4.800433,2.998599,6.07544,3.34953,2.09229
508,8.769256,4.8125,3.005679,6.1188,3.35795,2.09723
512,8.818299,4.830071,3.012572,6.15302,3.37021,2.10204
516,8.862928,4.854907,3.018721,6.18416,3.38754,2.10633
520,8.893182,4.878053,3.04274,6.20527,3.40369,2.12309
524,8.93665,4.91007,3.054879,6.2356,3.42603,2.13156
528,8.987169,4.928515,3.061501,6.27085,3.4389,2.13618
532,9.005743,4.961778,3.078097,6.28381,3.46211,2.14776
536,9.068946,4.987547,3.087111,6.32791,3.48009,2.15405
540,9.090759,5.00731,3.103478,6.34313,3.49388,2.16547
544,9.128365,5.022831,3.130766,6.36937,3.50471,2.18451
548,9.146953,5.053788,3.147046,6.38234,3.52631,2.19587
552,9.19654,5.071373,3.148265,6.41694,3.53858,2.19672
556,9.250026,5.079069,3.150128,6.45426,3.54395,2.19802
560,9.313172,5.10564,3.166236,6.49832,3.56249,2.20926
564,9.332362,5.111143,3.170192,6.51171,3.56633,2.21202
568,9.353816,5.148893,3.176125,6.52668,3.59267,2.21616
572,9.390276,5.164844,3.181399,6.55212,3.6038,2.21984
576,9.439734,5.191974,3.183879,6.58663,3.62273,2.22157
580,9.498752,5.20589,3.192234,6.62781,3.63244,2.2274
584,9.541647,5.224936,3.199486,6.65774,3.64573,2.23246
588,9.565939,5.240257,3.207727,6.67469,3.65642,2.23821
592,9.640306,5.261224,3.212657,6.72658,3.67105,2.24165
596,9.68353,5.284398,3.243699,6.75674,3.68722,2.26331
600,9.737503,5.29466,3.249976,6.7944,3.69438,2.26769
604,9.768933,5.306068,3.253273,6.81633,3.70234,2.26999
608,9.806037,5.321116,3.263735,6.84222,3.71284,2.27729
612,9.829312,5.33893,3.268808,6.85846,3.72527,2.28083
616,9.887413,5.356816,3.276261,6.899,3.73775,2.28603
620,9.911819,5.386684,3.294462,6.91603,3.75859,2.29873
624,9.942002,5.386684,3.298833,6.93709,3.75859,2.30178
628,9.971582,5.412667,3.309897,6.95773,3.77672,2.3095
632,10.016512,5.433448,3.313337,6.98908,3.79122,2.3119
636,10.055064,5.447321,3.324257,7.01598,3.8009,2.31952
640,10.084874,5.466697,3.329402,7.03678,3.81442,2.32311
644,10.129288,5.469392,3.329402,7.06777,3.8163,2.32311
648,10.162967,5.480241,3.344623,7.09127,3.82387,2.33373
652,10.185525,5.488868,3.348607,7.10701,3.82989,2.33651
656,10.230512,5.495475,3.370649,7.1384,3.8345,2.35189
660,10.262429,5.521401,3.383433,7.16067,3.85259,2.36081
664,10.316531,5.533182,3.390584,7.19842,3.86081,2.3658
668,10.349723,5.550767,3.394984,7.22158,3.87308,2.36887
672,10.377584,5.5656,3.411422,7.24102,3.88343,2.38034
