Config,SAV_ratio,TimeHours,MassLossPercent
thin_sav,48.2123,0,0.0
thin_sav,48.2123,4,0.27138
thin_sav,48.2123,8,0.36311
thin_sav,48.2123,12,0.444558
thin_sav,48.2123,16,0.478412
thin_sav,48.2123,20,0.537705
thin_sav,48.2123,24,0.583607
thin_sav,48.2123,28,0.623581
thin_sav,48.2123,32,0.7437
thin_sav,48.2123,36,0.832283
thin_sav,48.2123,40,0.987999
thin_sav,48.2123,44,1.117237
thin_sav,48.2123,48,1.250565
thin_sav,48.2123,52,1.309973
thin_sav,48.2123,56,1.449346
thin_sav,48.2123,60,1.601649
thin_sav,48.2123,64,1.701928
thin_sav,48.2123,68,1.82217
thin_sav,48.2123,72,1.960227
thin_sav,48.2123,76,2.093268
thin_sav,48.2123,80,2.202719
thin_sav,48.2123,84,2.308573
thin_sav,48.2123,88,2.430306
thin_sav,48.2123,92,2.541878
thin_sav,48.2123,96,2.651243
thin_sav,48.2123,100,2.774753
thin_sav,48.2123,104,2.869714
thin_sav,48.2123,108,2.937661
thin_sav,48.2123,112,3.048874
thin_sav,48.2123,116,3.155144
thin_sav,48.2123,120,3.217415
thin_sav,48.2123,124,3.306171
thin_sav,48.2123,128,3.382229
thin_sav,48.2123,132,3.448756
thin_sav,48.2123,136,3.54217
thin_sav,48.2123,140,3.608311
thin_sav,48.2123,144,3.682807
thin_sav,48.2123,148,3.74052
thin_sav,48.2123,152,3.790996
thin_sav,48.2123,156,3.921888
thin_sav,48.2123,160,4.027655
thin_sav,48.2123,164,4.096261
thin_sav,48.2123,168,4.203935
thin_sav,48.2123,172,4.269215
thin_sav,48.2123,176,4.360838
thin_sav,48.2123,180,4.449379
thin_sav,48.2123,184,4.529593
thin_sav,48.2123,188,4.592079
thin_sav,48.2123,192,4.662476
thin_sav,48.2123,196,4.724403
thin_sav,48.2123,200,4.809161
thin_sav,48.2123,204,4.892843
thin_sav,48.2123,208,4.98501
thin_sav,48.2123,212,5.055952
thin_sav,48.2123,216,5.120459
thin_sav,48.2123,220,5.187588
thin_sav,48.2123,224,5.271285
thin_sav,48.2123,228,5.353061
thin_sav,48.2123,232,5.414874
thin_sav,48.2123,236,5.47726
thin_sav,48.2123,240,5.525443
thin_sav,48.2123,244,5.577739
thin_sav,48.2123,248,5.647047
thin_sav,48.2123,252,5.701235
thin_sav,48.2123,256,5.747942
thin_sav,48.2123,260,5.802244
thin_sav,48.2123,264,5.875966
thin_sav,48.2123,268,5.95181
thin_sav,48.2123,272,6.016861
thin_sav,48.2123,276,6.057878
thin_sav,48.2123,280,6.107509
thin_sav,48.2123,284,6.164721
thin_sav,48.2123,288,6.209307
thin_sav,48.2123,292,6.266433
thin_sav,48.2123,296,6.315762
thin_sav,48.2123,300,6.392823
thin_sav,48.2123,304,6.453876
thin_sav,48.2123,308,6.505556
thin_sav,48.2123,312,6.555846
thin_sav,48.2123,316,6.618346
thin_sav,48.2123,320,6.661155
thin_sav,48.2123,324,6.687081
thin_sav,48.2123,328,6.736368
thin_sav,48.2123,332,6.779821
thin_sav,48.2123,336,6.796159
thin_sav,48.2123,340,6.838509
thin_sav,48.2123,344,6.869953
thin_sav,48.2123,348,6.91623
thin_sav,48.2123,352,6.953464
thin_sav,48.2123,356,7.017627
thin_sav,48.2123,360,7.082062
thin_sav,48.2123,364,7.125444
thin_sav,48.2123,368,7.163193
thin_sav,48.2123,372,7.216736
thin_sav,48.2123,376,7.281229
thin_sav,48.2123,380,7.325098
thin_sav,48.2123,384,7.340934
thin_sav,48.2123,388,7.376706
thin_sav,48.2123,392,7.413567
thin_sav,48.2123,396,7.459801
thin_sav,48.2123,400,7.493925
thin_sav,48.2123,404,7.52544
thin_sav,48.2123,408,7.554677
thin_sav,48.2123,412,7.603404
thin_sav,48.2123,416,7.643361
thin_sav,48.2123,420,7.692633
thin_sav,48.2123,424,7.765768
thin_sav,48.2123,428,7.817419
thin_sav,48.2123,432,7.883459
thin_sav,48.2123,436,7.919618
thin_sav,48.2123,440,7.958342
thin_sav,48.2123,444,8.035662
thin_sav,48.2123,448,8.108094
thin_sav,48.2123,452,8.137474
thin_sav,48.2123,456,8.164747
thin_sav,48.2123,460,8.218949
thin_sav,48.2123,464,8.251353
thin_sav,48.2123,468,8.303062
thin_sav,48.2123,472,8.351861
thin_sav,48.2123,476,8.394899
thin_sav,48.2123,480,8.440001
thin_sav,48.2123,484,8.476475
thin_sav,48.2123,488,8.526593
thin_sav,48.2123,492,8.571365
thin_sav,48.2123,496,8.614331
thin_sav,48.2123,500,8.653543
thin_sav,48.2123,504,8.707114
thin_sav,48.2123,508,8.769256
thin_sav,48.2123,512,8.818299
thin_sav,48.2123,516,8.862928
thin_sav,48.2123,520,8.893182
thin_sav,48.2123,524,8.93665
thin_sav,48.2123,528,8.987169
thin_sav,48.2123,532,9.005743
thin_sav,48.2123,536,9.068946
thin_sav,48.2123,540,9.090759
thin_sav,48.2123,544,9.128365
thin_sav,48.2123,548,9.146953
thin_sav,48.2123,552,9.19654
thin_sav,48.2123,556,9.250026
thin_sav,48.2123,560,9.313172
thin_sav,48.2123,564,9.332362
thin_sav,48.2123,568,9.353816
thin_sav,48.2123,572,9.390276
thin_sav,48.2123,576,9.439734
thin_sav,48.2123,580,9.498752
thin_sav,48.2123,584,9.541647
thin_sav,48.2123,588,9.565939
thin_sav,48.2123,592,9.640306
thin_sav,48.2123,596,9.68353
thin_sav,48.2123,600,9.737503
thin_sav,48.2123,604,9.768933
thin_sav,48.2123,608,9.806037
thin_sav,48.2123,612,9.829312
thin_sav,48.2123,616,9.887413
thin_sav,48.2123,620,9.911819
thin_sav,48.2123,624,9.942002
thin_sav,48.2123,628,9.971582
thin_sav,48.2123,632,10.016512
thin_sav,48.2123,636,10.055064
thin_sav,48.2123,640,10.084874
thin_sav,48.2123,644,10.129288
thin_sav,48.2123,648,10.162967
thin_sav,48.2123,652,10.185525
thin_sav,48.2123,656,10.230512
thin_sav,48.2123,660,10.262429
thin_sav,48.2123,664,10.316531
thin_sav,48.2123,668,10.349723
thin_sav,48.2123,672,10.377584
mid_sav,24.1062,0,0.0
mid_sav,24.1062,4,0.156707
mid_sav,24.1062,8,0.226212
mid_sav,24.1062,12,0.288974
mid_sav,24.1062,16,0.358074
mid_sav,24.1062,20,0.394545
mid_sav,24.1062,24,0.455424
mid_sav,24.1062,28,0.501674
mid_sav,24.1062,32,0.591842
mid_sav,24.1062,36,0.679275
mid_sav,24.1062,40,0.760812
mid_sav,24.1062,44,0.824048
mid_sav,24.1062,48,0.905471
mid_sav,24.1062,52,0.951856
mid_sav,24.1062,56,1.040782
mid_sav,24.1062,60,1.131677
mid_sav,24.1062,64,1.175681
mid_sav,24.1062,68,1.245708
mid_sav,24.1062,72,1.305031
mid_sav,24.1062,76,1.37146
mid_sav,24.1062,80,1.437895
mid_sav,24.1062,84,1.503291
mid_sav,24.1062,88,1.566809
mid_sav,24.1062,92,1.625196
mid_sav,24.1062,96,1.688671
mid_sav,24.1062,100,1.728857
mid_sav,24.1062,104,1.77843
mid_sav,24.1062,108,1.837247
mid_sav,24.1062,112,1.885817
mid_sav,24.1062,116,1.933771
mid_sav,24.1062,120,1.988231
mid_sav,24.1062,124,2.036658
mid_sav,24.1062,128,2.112057
mid_sav,24.1062,132,2.164496
mid_sav,24.1062,136,2.21599
mid_sav,24.1062,140,2.234191
mid_sav,24.1062,144,2.283492
mid_sav,24.1062,148,2.346136
mid_sav,24.1062,152,2.403792
mid_sav,24.1062,156,2.439435
mid_sav,24.1062,160,2.516482
mid_sav,24.1062,164,2.560093
mid_sav,24.1062,168,2.588241
mid_sav,24.1062,172,2.611358
mid_sav,24.1062,176,2.633901
mid_sav,24.1062,180,2.682213
mid_sav,24.1062,184,2.730769
mid_sav,24.1062,188,2.775842
mid_sav,24.1062,192,2.798328
mid_sav,24.1062,196,2.841581
mid_sav,24.1062,200,2.91152
mid_sav,24.1062,204,2.928245
mid_sav,24.1062,208,2.984525
mid_sav,24.1062,212,3.024152
mid_sav,24.1062,216,3.052687
mid_sav,24.1062,220,3.082969
mid_sav,24.1062,224,3.116577
mid_sav,24.1062,228,3.143621
mid_sav,24.1062,232,3.187204
mid_sav,24.1062,236,3.226888
mid_sav,24.1062,240,3.268421
mid_sav,24.1062,244,3.313738
mid_sav,24.1062,248,3.329531
mid_sav,24.1062,252,3.350112
mid_sav,24.1062,256,3.38038
mid_sav,24.1062,260,3.389294
mid_sav,24.1062,264,3.426686
mid_sav,24.1062,268,3.44685
mid_sav,24.1062,272,3.473765
mid_sav,24.1062,276,3.487036
mid_sav,24.1062,280,3.519297
mid_sav,24.1062,284,3.54154
mid_sav,24.1062,288,3.566978
mid_sav,24.1062,292,3.604126
mid_sav,24.1062,296,3.635942
mid_sav,24.1062,300,3.651048
mid_sav,24.1062,304,3.668862
mid_sav,24.1062,308,3.710797
mid_sav,24.1062,312,3.723537
mid_sav,24.1062,316,3.739632
mid_sav,24.1062,320,3.763867
mid_sav,24.1062,324,3.782397
mid_sav,24.1062,328,3.807206
mid_sav,24.1062,332,3.826123
mid_sav,24.1062,336,3.841372
mid_sav,24.1062,340,3.865292
mid_sav,24.1062,344,3.903013
mid_sav,24.1062,348,3.919924
mid_sav,24.1062,352,3.945391
mid_sav,24.1062,356,4.002016
mid_sav,24.1062,360,4.029318
mid_sav,24.1062,364,4.054642
mid_sav,24.1062,368,4.098224
mid_sav,24.1062,372,4.114763
mid_sav,24.1062,376,4.134928
mid_sav,24.1062,380,4.14688
mid_sav,24.1062,384,4.170614
mid_sav,24.1062,388,4.180818
mid_sav,24.1062,392,4.195723
mid_sav,24.1062,396,4.229875
mid_sav,24.1062,400,4.253995
mid_sav,24.1062,404,4.263167
mid_sav,24.1062,408,4.273343
mid_sav,24.1062,412,4.289122
mid_sav,24.1062,416,4.306779
mid_sav,24.1062,420,4.315808
mid_sav,24.1062,424,4.351393
mid_sav,24.1062,428,4.364879
mid_sav,24.1062,432,4.379684
mid_sav,24.1062,436,4.384456
mid_sav,24.1062,440,4.395477
mid_sav,24.1062,444,4.422077
mid_sav,24.1062,448,4.454452
mid_sav,24.1062,452,4.489708
mid_sav,24.1062,456,4.508081
mid_sav,24.1062,460,4.518916
mid_sav,24.1062,464,4.553111
mid_sav,24.1062,468,4.601022
mid_sav,24.1062,472,4.623336
mid_sav,24.1062,476,4.673669
mid_sav,24.1062,480,4.696571
mid_sav,24.1062,484,4.71536
mid_sav,24.1062,488,4.737631
mid_sav,24.1062,492,4.765736
mid_sav,24.1062,496,4.783091
mid_sav,24.1062,500,4.792923
mid_sav,24.1062,504,4.800433
mid_sav,24.1062,508,4.8125
mid_sav,24.1062,512,4.830071
mid_sav,24.1062,516,4.854907
mid_sav,24.1062,520,4.878053
mid_sav,24.1062,524,4.91007
mid_sav,24.1062,528,4.928515
mid_sav,24.1062,532,4.961778
mid_sav,24.1062,536,4.987547
mid_sav,24.1062,540,5.00731
mid_sav,24.1062,544,5.022831
mid_sav,24.1062,548,5.053788
mid_sav,24.1062,552,5.071373
mid_sav,24.1062,556,5.079069
mid_sav,24.1062,560,5.10564
mid_sav,24.1062,564,5.111143
mid_sav,24.1062,568,5.148893
mid_sav,24.1062,572,5.164844
mid_sav,24.1062,576,5.191974
mid_sav,24.1062,580,5.20589
mid_sav,24.1062,584,5.224936
mid_sav,24.1062,588,5.240257
mid_sav,24.1062,592,5.261224
mid_sav,24.1062,596,5.284398
mid_sav,24.1062,600,5.29466
mid_sav,24.1062,604,5.306068
mid_sav,24.1062,608,5.321116
mid_sav,24.1062,612,5.33893
mid_sav,24.1062,616,5.356816
mid_sav,24.1062,620,5.386684
mid_sav,24.1062,624,5.386684
mid_sav,24.1062,628,5.412667
mid_sav,24.1062,632,5.433448
mid_sav,24.1062,636,5.447321
mid_sav,24.1062,640,5.466697
mid_sav,24.1062,644,5.469392
mid_sav,24.1062,648,5.480241
mid_sav,24.1062,652,5.488868
mid_sav,24.1062,656,5.495475
mid_sav,24.1062,660,5.521401
mid_sav,24.1062,664,5.533182
mid_sav,24.1062,668,5.550767
mid_sav,24.1062,672,5.5656
thick_sav,16.0708,0,0.0
thick_sav,16.0708,4,0.11544
thick_sav,16.0708,8,0.165469
thick_sav,16.0708,12,0.212974
thick_sav,16.0708,16,0.251286
thick_sav,16.0708,20,0.273055
thick_sav,16.0708,24,0.303805
thick_sav,16.0708,28,0.32985
thick_sav,16.0708,32,0.376362
thick_sav,16.0708,36,0.413582
thick_sav,16.0708,40,0.442209
thick_sav,16.0708,44,0.488839
thick_sav,16.0708,48,0.528762
thick_sav,16.0708,52,0.547651
thick_sav,16.0708,56,0.601973
thick_sav,16.0708,60,0.654104
thick_sav,16.0708,64,0.704681
thick_sav,16.0708,68,0.742611
thick_sav,16.0708,72,0.788266
thick_sav,16.0708,76,0.820724
thick_sav,16.0708,80,0.868628
thick_sav,16.0708,84,0.892979
thick_sav,16.0708,88,0.934444
thick_sav,16.0708,92,0.97531
thick_sav,16.0708,96,1.022816
thick_sav,16.0708,100,1.078651
thick_sav,16.0708,104,1.123955
thick_sav,16.0708,108,1.147343
thick_sav,16.0708,112,1.162269
thick_sav,16.0708,116,1.182889
thick_sav,16.0708,120,1.213925
thick_sav,16.0708,124,1.247052
thick_sav,16.0708,128,1.299771
thick_sav,16.0708,132,1.328071
thick_sav,16.0708,136,1.370274
thick_sav,16.0708,140,1.392026
thick_sav,16.0708,144,1.425489
thick_sav,16.0708,148,1.460439
thick_sav,16.0708,152,1.48936
thick_sav,16.0708,156,1.542918
thick_sav,16.0708,160,1.57975
thick_sav,16.0708,164,1.592477
thick_sav,16.0708,168,1.6086
thick_sav,16.0708,172,1.641634
thick_sav,16.0708,176,1.671874
thick_sav,16.0708,180,1.690104
thick_sav,16.0708,184,1.700265
thick_sav,16.0708,188,1.703891
thick_sav,16.0708,192,1.721419
thick_sav,16.0708,196,1.736582
thick_sav,16.0708,200,1.777642
thick_sav,16.0708,204,1.792145
thick_sav,16.0708,208,1.816753
thick_sav,16.0708,212,1.818487
thick_sav,16.0708,216,1.836774
thick_sav,16.0708,220,1.854144
thick_sav,16.0708,224,1.891149
thick_sav,16.0708,228,1.920199
thick_sav,16.0708,232,1.947845
thick_sav,16.0708,236,1.957877
thick_sav,16.0708,240,1.974946
thick_sav,16.0708,244,1.990653
thick_sav,16.0708,248,2.005945
thick_sav,16.0708,252,2.024734
thick_sav,16.0708,256,2.066468
thick_sav,16.0708,260,2.112085
thick_sav,16.0708,264,2.129928
thick_sav,16.0708,268,2.15445
thick_sav,16.0708,272,2.193289
thick_sav,16.0708,276,2.212364
thick_sav,16.0708,280,2.225263
thick_sav,16.0708,284,2.241515
thick_sav,16.0708,288,2.259845
thick_sav,16.0708,292,2.275524
thick_sav,16.0708,296,2.304187
thick_sav,16.0708,300,2.322861
thick_sav,16.0708,304,2.343499
thick_sav,16.0708,308,2.362402
thick_sav,16.0708,312,2.372148
thick_sav,16.0708,316,2.381033
thick_sav,16.0708,320,2.411818
thick_sav,16.0708,324,2.428958
thick_sav,16.0708,328,2.450571
thick_sav,16.0708,332,2.454712
thick_sav,16.0708,336,2.466178
thick_sav,16.0708,340,2.479793
thick_sav,16.0708,344,2.491301
thick_sav,16.0708,348,2.509416
thick_sav,16.0708,352,2.52392
thick_sav,16.0708,356,2.538624
thick_sav,16.0708,360,2.551294
thick_sav,16.0708,364,2.561856
thick_sav,16.0708,368,2.57593
thick_sav,16.0708,372,2.584901
thick_sav,16.0708,376,2.590505
thick_sav,16.0708,380,2.603848
thick_sav,16.0708,384,2.616001
thick_sav,16.0708,388,2.635177
thick_sav,16.0708,392,2.64498
thick_sav,16.0708,396,2.656488
thick_sav,16.0708,400,2.672324
thick_sav,16.0708,404,2.68164
thick_sav,16.0708,408,2.697147
thick_sav,16.0708,412,2.71016
thick_sav,16.0708,416,2.733076
thick_sav,16.0708,420,2.73901
thick_sav,16.0708,424,2.758056
thick_sav,16.0708,428,2.759547
thick_sav,16.0708,432,2.763588
thick_sav,16.0708,436,2.783939
thick_sav,16.0708,440,2.794545
thick_sav,16.0708,444,2.825415
thick_sav,16.0708,448,2.839661
thick_sav,16.0708,452,2.85683
thick_sav,16.0708,456,2.865157
thick_sav,16.0708,460,2.888976
thick_sav,16.0708,464,2.89812
thick_sav,16.0708,468,2.906289
thick_sav,16.0708,472,2.920219
thick_sav,16.0708,476,2.925995
thick_sav,16.0708,480,2.941688
thick_sav,16.0708,484,2.946303
thick_sav,16.0708,488,2.957797
thick_sav,16.0708,492,2.975066
thick_sav,16.0708,496,2.980154
thick_sav,16.0708,500,2.989154
thick_sav,16.0708,504,2.998599
thick_sav,16.0708,508,3.005679
thick_sav,16.0708,512,3.012572
thick_sav,16.0708,516,3.018721
thick_sav,16.0708,520,3.04274
thick_sav,16.0708,524,3.054879
thick_sav,16.0708,528,3.061501
thick_sav,16.0708,532,3.078097
thick_sav,16.0708,536,3.087111
thick_sav,16.0708,540,3.103478
thick_sav,16.0708,544,3.130766
thick_sav,16.0708,548,3.147046
thick_sav,16.0708,552,3.148265
thick_sav,16.0708,556,3.150128
thick_sav,16.0708,560,3.166236
thick_sav,16.0708,564,3.170192
thick_sav,16.0708,568,3.176125
thick_sav,16.0708,572,3.181399
thick_sav,16.0708,576,3.183879
thick_sav,16.0708,580,3.192234
thick_sav,16.0708,584,3.199486
thick_sav,16.0708,588,3.207727
thick_sav,16.0708,592,3.212657
thick_sav,16.0708,596,3.243699
thick_sav,16.0708,600,3.249976
thick_sav,16.0708,604,3.253273
thick_sav,16.0708,608,3.263735
thick_sav,16.0708,612,3.268808
thick_sav,16.0708,616,3.276261
thick_sav,16.0708,620,3.294462
thick_sav,16.0708,624,3.298833
thick_sav,16.0708,628,3.309897
thick_sav,16.0708,632,3.313337
thick_sav,16.0708,636,3.324257
thick_sav,16.0708,640,3.329402
thick_sav,16.0708,644,3.329402
thick_sav,16.0708,648,3.344623
thick_sav,16.0708,652,3.348607
thick_sav,16.0708,656,3.370649
thick_sav,16.0708,660,3.383433
thick_sav,16.0708,664,3.390584
thick_sav,16.0708,668,3.394984
thick_sav,16.0708,672,3.411422
