TimeHours,Arc30deg,Arc90deg,Arc150deg,StraightWire
0,0.0,0.0,0.0,0.0
4,0.2013866483856716,0.209579919606596,0.2139792733105956,0.1990952767922228
8,0.3160095237042444,0.3288661443236292,0.3357694702379917,0.3124139762750601
12,0.4113007388892937,0.4280342141921498,0.4370192062141886,0.4066209707069932
16,0.4958720941645529,0.5160462943458745,0.5268787738158892,0.4902300754922096
20,0.5732725896006671,0.5965957733756156,0.6091190906395847,0.5667499102788572
24,0.6454000383714471,0.6716576756217849,0.6857566393422266,0.6380566949760949
28,0.713418554373115,0.7424434761187944,0.7580283253868192,0.7053012982251344
32,0.7781067193445367,0.8097634326446379,0.8267614149105712,0.7692534430838227
36,0.8400174448849668,0.8741929516100697,0.8925433928493605,0.830459750138865
40,0.8995611151215468,0.9361591133258431,0.9558103044822951,0.8893259341784036
44,0.9570528469410523,0.9959898549830601,1.016896970826461,0.9461635266981817
48,1.01274121377638,1.053943863046293,1.076067508510057,1.001218272869603
52,1.066826642719112,1.110229718839465,1.133534877248892,1.054688319330467
56,1.119473705811269,1.165018689899984,1.189473939707604,1.106736365626749
60,1.170819622739743,1.2184535785992,1.244030495864099,1.157498070163624
64,1.220980316928667,1.270655024622539,1.297327717786904,1.207088037391781
68,1.270054837570623,1.321726106907879,1.349470848174184,1.255604189524888
72,1.31812865842521,1.371755776653368,1.400550705424841,1.303131027804525
76,1.365276185062516,1.420821466566302,1.450646347658889,1.349742111216303
80,1.411562692021268,1.468991106833157,1.49982713100532,1.395501971607096
84,1.45704584143559,1.51632470553059,1.548154323187969,1.440467615032893
88,1.501776889113525,1.5628756037724,1.595682385019635,1.484689714114602
92,1.545801653627461,1.608691484226699,1.642460000089336,1.528213566102191
96,1.589161303227203,1.653815190043985,1.688530910880734,1.571079870834281
100,1.631893000960422,1.698285396223842,1.733934604231701,1.613325368518437
104,1.674030438179988,1.742137164827649,1.778706878201653,1.654983367168269
108,1.715604279283817,1.785402407812337,1.822880314620789,1.696084182283038
112,1.756642535186134,1.828110275696067,1.86648467591437,1.736655506069582
116,1.797170879069531,1.870287486156436,1.909547240598615,1.776722719601745
120,1.837212915014151,1.911958603588642,1.952093088707163,1.816309158393113
124,1.876790407867692,1.95314627832759,1.994145346034757,1.855436339651564
128,1.915923481014334,1.993871452462897,2.035725394272576,1.89412415779798
132,1.954630787385227,2.034153537806827,2.07685305271194,1.932391053530987
136,1.992929658029503,2.074010570509805,2.117546736105411,1.970254160707531
140,2.030836231761523,2.113459345982268,2.157823592420824,2.007729434514999
144,2.068365568764796,2.15251553712048,2.197699623548814,2.044831763782557
148,2.105531750526967,2.191193798307304,2.237189791486704,2.081575069779084
152,2.142347968074383,2.229507857236522,2.276308112090332,2.117972393443799
156,2.178826600147018,2.267470596268259,2.315067738137231,2.154035972671724
160,2.214979282688431,2.305094124746085,2.353481033161762,2.189777311012981
164,2.250816970807978,2.342389843480114,2.391559637291796,2.22520723893
168,2.286349994193909,2.379368502414549,2.429314526126775,2.260335968580132
172,2.32158810680858,2.416040252344702,2.466756063540338,2.295173142945425
176,2.356540531574648,2.452414691421216,2.503894049160732,2.32972788001038
180,2.391216000659172,2.488500907073101,2.54073776117386,2.36400881258771
184,2.425622791877215,2.52430751389238,2.577295995003178,2.398024124307728
188,2.459768761664711,2.559842687948447,2.613577098344356,2.431781582216066
192,2.49366137500988,2.595114197937206,2.649589002968278,2.465288566364516
196,2.527307732681041,2.630129433516639,2.68533925365141,2.498552096729057
200,2.560714596045108,2.664895431135019,2.720835034546178,2.531578857745961
204,2.593888409733749,2.699418897619226,2.756083193264437,2.56437522072006
208,2.626835322382297,2.733706231757408,2.791090262913179,2.596947264327686
212,2.659561205639101,2.767763544081714,2.825862482292528,2.629300793409741
216,2.692071671619397,2.801596675032257,2.860405814440994,2.661441356226971
220,2.724372088957333,2.835211211662213,2.894725963691227,2.693374260329358
224,2.756467597592148,2.868612503025558,2.92882839138077,2.725104587174057
228,2.788363122409073,2.901805674372943,2.962718330345915,2.756637205611092
232,2.820063385842157,2.934795640267258,2.996400798312587,2.787976784342793
236,2.851572919534524,2.967587116718273,3.029880610285704,2.819127803451377
240,2.882896075141274,3.000184632425052,3.063162390027582,2.850094565078934
244,2.914037034351293,3.032592539205493,3.096250580706409,2.880881203335214
248,2.944999818196295,3.064815021684096,3.129149454787368,2.911491693500743
252,2.975788295708433,3.096856106301811,3.161863123231613,2.941929860585936
256,3.006406191981668,3.128719669705373,3.194395544061714,2.972199387300741
260,3.036857095686611,3.16040944656788,3.226750530346386,3.002303821483978
264,3.067144466083708,3.191929036887307,3.258931757652221,3.032246583036723
268,3.097271639575331,3.22328191280516,3.29094277100547,3.062030970399856
272,3.127241835833515,3.25447142498352,3.322786991402945,3.091660166612075
276,3.157058163536639,3.285500808575115,3.354467721907416,3.121137244981306
280,3.186723625745303,3.316373188817909,3.385988153359636,3.150465174399408
284,3.216241124944916,3.347091586282847,3.417351369736242,3.179646824327396
288,3.245613467780054,3.377658921800823,3.44856035318015,3.208684969475919
292,3.274843369503425,3.408078021092654,3.479617988727711,3.23758229420362
296,3.303933458160334,3.438351619123782,3.510527068754831,3.266341396653976
300,3.332886278527707,3.468482364203552,3.541290297162298,3.294964792649516
304,3.361704295825154,3.498472821847269,3.571910293318898,3.32345491936065
308,3.390389899214088,3.528325478417659,3.602389595779333,3.351814138764979
312,3.418945405099584,3.558042744561078,3.632730665792541,3.380044740911588
316,3.447373060248489,3.587626958452466,3.662935890614782,3.408148947003672
320,3.47567504473619,3.617080388862014,3.693007586640668,3.436128912311784
324,3.503853474733497,3.646405238055422,3.722948002364307,3.463986728929001
328,3.531910405144149,3.675603644538713,3.752759321181729,3.491724428378427
332,3.5598478321027,3.70467768565774,3.782443664044966,3.519343984082651
336,3.587667695341738,3.733629380061723,3.812003091977296,3.546847313704043
340,3.615371880436779,3.76246069003946,3.841439608458499,3.574236281364087
344,3.642962220936471,3.791173523736211,3.870755161688272,3.601512699749373
348,3.670440500385285,3.819769737258676,3.899951646735397,3.62867833211125
352,3.697808454245249,3.848251136674906,3.929030907579631,3.655734894165708
356,3.725067771722864,3.876619479915558,3.957994739052869,3.682684055899504
360,3.752220097506906,3.90487647858239,3.986844888685606,3.709527443288195
364,3.779267033422382,3.933023799669508,4.01558305846431,3.736266639931265
368,3.806210140005565,3.961063067202485,4.044210906504953,3.76290318860925
372,3.833050938004698,3.988995863800115,4.072730048647546,3.789438592767363
376,3.85979090981063,4.016823732163252,4.101142059976228,3.815874317929851
380,3.886431500821356,4.044548176494873,4.129448476269144,3.842211793049012
384,3.912974120744196,4.072170663855227,4.157650795382036,3.868452411792555
388,3.939420144839062,4.099692625455687,4.185750478569259,3.894597533772726
392,3.965770915106074,4.127115457894689,4.21374895174565,3.920648485720405
396,3.992027741420546,4.154440524338879,4.241647606692494,3.94660656260718
400,4.018191902618187,4.181669155652482,4.269447802210575,3.972473028718203
404,4.044264647533172,4.208802651477594,4.297150865223156,3.998249118678451
408,4.070247195991582,4.235842281268044,4.32475809183155,4.023936038434858
412,4.096140739762545,4.262789285279231,4.352270748325717,4.049534966196636
416,4.121946443469269,4.289644875516224,4.379690072152282,4.075047053335944
420,4.147665445462041,4.316410236642271,4.40701727284211,4.100473425250949
424,4.173298858655098,4.343086526849731,4.434253532899512,4.125815182193186
428,4.198847771329234,4.369674878695316,4.461400008655034,4.151073400061017
432,4.224313247901805,4.39617639990144,4.488457831083616,4.176249131160887
436,4.249696329665782,4.42259217412533,4.515428106589852,4.201343404937966
440,4.274998035499351,4.448923261697502,4.542311917761968,4.226357228677676
444,4.300219362547499,4.475170700331067,4.569110324096018,4.251291588179512
448,4.32536128687692,4.501335505803295,4.595824362691746,4.276147448404509
452,4.350424764105528,4.527418672610729,4.622455048921469,4.300925754097591
456,4.375410730007779,4.553421174599135,4.649003377073234,4.325627430385997
460,4.40032010109692,4.579343965569445,4.675470320969489,4.350253383354911
464,4.425153775185251,4.605187979860808,4.701856834562371,4.37480450060135
468,4.449912631923402,4.630954132911806,4.728163852506702,4.399281651767304
472,4.474597533319597,4.656643321800852,4.754392290711731,4.423685689053094
476,4.499209324239801,4.682256425766674,4.780543046872546,4.448017447711823
480,4.523748832889599,4.707794306709808,4.806617000982091,4.472277746525776
484,4.548216871278655,4.733257809675947,4.832615015824659,4.496467388265591
488,4.572614235668465,4.758647763321917,4.858537937451656,4.520587160132929
492,4.596941707004199,4.783964980365078,4.884386595640434,4.544637834187384
496,4.621200051331271,4.809210258016853,4.910161804336912,4.568620167758326
500,4.645390020197318,4.834384378401058,4.935864362082698,4.592534903842308
504,4.66951235104022,4.8594881089577,4.961495052427357,4.616382771486661
508,4.693567767562728,4.884522202832858,4.987054644326479,4.640164486159864
512,4.717556980094286,4.909487399255219,5.01254389252612,4.663880750109255
516,4.741480685940568,4.934384423899841,5.037963537934192,4.687532252706585
520,4.765339569721252,4.959213989239659,5.063314307979363,4.711119670781949
524,4.789134303696498,4.983976794885255,5.088596916957944,4.734643668946545
528,4.812865548082595,5.008673527913344,5.113812066369281,4.758104899904743
532,4.836533951357235,5.033304863184469,5.138960445240112,4.781504004755876
536,4.860140150554803,5.057871463650299,5.164042730438321,4.804841613286166
540,4.883684771552091,5.082373980650978,5.18905958697652,4.828118344251201
544,4.907168429344834,5.106813054202896,5.214011668305877,4.851334805649308
548,4.930591728315387,5.131189313277274,5.238899616600528,4.874491594986196
552,4.953955262491933,5.155503376069904,5.263724063032997,4.897589299531216
556,4.977259615799526,5.179755850262412,5.288485628040934,4.920628496565537
560,5.000505362303282,5.203947333275339,5.313184921585509,4.943609753622579
564,5.023693066444025,5.228078412513383,5.337822543401805,4.966533628720973
568,5.046823283266676,5.252149665603064,5.362399083241471,4.989400670590356
572,5.069896558641648,5.276161660623145,5.386915121107976,5.012211418890241
576,5.092913429479517,5.300114956328022,5.411371227484696,5.034966404422254
580,5.115874423939219,5.324010102364396,5.435767963556128,5.057666149335951
584,5.13878006163,5.347847639481447,5.460105881422474,5.080311167328479
588,5.161630853807368,5.371628099734742,5.484385524307839,5.102901963838294
592,5.184427303563236,5.395352006684129,5.508607426762268,5.125439036233146
596,5.207169906010503,5.41901987558582,5.532772114857868,5.147922873992553
600,5.229859148462238,5.442632213578866,5.556880106379195,5.17035395888495
604,5.252495510605678,5.466189519866235,5.580931911008133,5.192732765139704
608,5.27507946467122,5.489692285890678,5.604928030503451,5.215059759614188
612,5.297611475596576,5.513140995505567,5.628868958875231,5.237335401956068
616,5.320092001186281,5.536536125140882,5.652755182554337,5.259560144760991
620,5.342521492266683,5.559878143964519,5.676587180557101,5.281734433725815
624,5.364900392836597,5.583167514039065,5.700365424645407,5.30385870779755
628,5.387229140213761,5.606404690474219,5.724090379482291,5.325933399318145
632,5.409508165177242,5.629590121574982,5.747762502783259,5.347958934165274
636,5.43173789210592,5.652724248985786,5.771382245463428,5.369935731889245
640,5.453918739113185,5.675807507830664,5.794950051780651,5.391864205846169
644,5.47605111817799,5.698840326849636,5.818466359474755,5.413744763327513
648,5.498135435272352,5.721823128531399,5.84193159990302,5.435577805686155
652,5.520172090485437,5.744756329242461,5.865346198172025,5.457363728459057
656,5.542161478144339,5.76764033935283,5.888710573265979,5.479102921486672
660,5.564103986931664,5.790475563358384,5.912025138171648,5.500795769029185
664,5.586,5.8132624,5.9352903,5.522442649879688
668,5.607849895083414,5.836001242379584,5.958506460104656,5.544043937474396
672,5.629654044606025,5.858692478073062,5.981674014197262,5.5656
