TimeHours,CloseGap_CC0.30mm,FarGap_CC1.60mm
0,0.0,0.0
4,0.28172948964016,0.2433673403438137
8,0.4124761159082197,0.3688759095066928
12,0.5155241307446554,0.4704733726754579
16,0.603900381220434,0.5591113270258848
20,0.6827564489092796,0.6392110860968214
24,0.7547715057380529,0.7131042850662124
28,0.8215542195281715,0.7822059585554824
32,0.8841619099209477,0.8474543008967463
36,0.9433344365883821,0.9095106766746853
40,0.9996139506627068,0.9688628326940565
44,1.05341205828794,1.025883174487983
48,1.105050165258425,1.080863978524411
52,1.154785048643617,1.134039827614399
56,1.202825781254968,1.18560252980569
60,1.249345339331813,1.235711394563706
64,1.294488805215224,1.284500523229686
68,1.338379313207301,1.332084112968512
72,1.381122455101976,1.378560400053903
76,1.422809607388605,1.424014647446223
80,1.463520486632965,1.468521446190574
84,1.50332514151366,1.512146514518097
88,1.542285526476013,1.554948122875714
92,1.580456759798293,1.596978236055989
96,1.617888140257209,1.638283438393789
100,1.654623976789259,1.678905690516432
104,1.690704271610993,1.71888295379774
108,1.726165287293384,1.75824970982124
112,1.761040021050021,1.797037395723123
116,1.795358604176176,1.835274771542353
120,1.829148640612042,1.872988232165877
124,1.862435495617971,1.910202073786013
128,1.895242543277353,1.94693872275051
132,1.927591379796462,1.983218933117768
136,1.959502008216339,2.019061958011683
140,1.990992999092598,2.054485698916275
144,2.022081630864107,2.089506836296902
148,2.052784012968431,2.124140944335541
152,2.083115194231668,2.158402592087703
156,2.113089258633519,2.192305432981667
160,2.142719410202705,2.225862284266861
164,2.172018048516268,2.259085197762312
168,2.200996836045582,2.291985523046036
172,2.229666758401957,2.32457396405314
176,2.258038178377499,2.356860629906965
180,2.286120884546228,2.388855080688146
184,2.313924135081252,2.420566368746615
188,2.341456697352284,2.452003076077744
192,2.36872688379065,2.483173348213084
196,2.395742584443777,2.514084925016332
200,2.422511296585821,2.544745168724335
204,2.449040151703981,2.575161089529582
208,2.475335940139822,2.605339368963562
212,2.501405133630365,2.635286381308572
216,2.527253905964115,2.665008213238153
220,2.552888151941498,2.69451068186269
224,2.578313504807119,2.72379935133624
228,2.603535352301996,2.752879548162872
232,2.628558851467243,2.781756375325331
236,2.653388942316103,2.810434725345313
240,2.678030360478476,2.838919292372843
244,2.702487648910971,2.867214583391852
248,2.726765168755672,2.895324928619978
252,2.75086710942219,2.923254491172532
256,2.77479749795998,2.951007276053542
260,2.798560207781158,2.978587138530473
264,2.822158966788091,3.005997791943678
268,2.845597364954777,3.033242814996715
272,2.868878861406269,3.060325658569229
276,2.892006791036287,3.087249652090235
280,2.914984370699355,3.114018009506092
284,2.937814705010498,3.140633834874365
288,2.960500791782542,3.167100127611945
292,2.983045527128348,3.193419787423295
296,3.005451710252939,3.21959561893242
300,3.027722047958286,3.245630336040129
304,3.049859158881579,3.271526566026317
308,3.071865577486027,3.297286853415342
312,3.093743757821682,3.322913663621064
316,3.115496077072275,3.348409386386766
320,3.137124838902827,3.373776339033958
324,3.158632276621531,3.399016769532902
328,3.180020556168399,3.424132859406755
332,3.20129177894215,3.449126726480229
336,3.222447984475916,3.474000427482876
340,3.24349115297158,3.498755960516326
344,3.264423207701755,3.52339526739409
348,3.285246017287805,3.54792023586192
352,3.305961397861613,3.57233270170612
356,3.326571115118325,3.596634450756675
360,3.347076886266693,3.620827220791556
364,3.367480381883211,3.64491270334813
368,3.387783227675815,3.668892545447161
372,3.407987006162458,3.692768351234539
376,3.428093258269564,3.716541683545493
380,3.448103484854979,3.740214065395731
384,3.468019148159746,3.763786981403665
388,3.487841673192743,3.787261879147568
392,3.507572449051938,3.810640170461305
396,3.527212830185773,3.833923232671996
400,3.546764137597991,3.857112409782772
404,3.566227659998944,3.880209013603606
408,3.585604654906305,3.903214324832953
412,3.604896349697845,3.926129594092844
416,3.62410394261883,3.948956042919817
420,3.643228603746402,3.971694864714026
424,3.662271475913172,3.99434722564864
428,3.681233675592121,4.016914265541556
432,3.700116293744771,4.039397098691344
436,3.718920396634481,4.061796814679187
440,3.737647026606609,4.084114479138508
444,3.756297202837168,4.106351134493866
448,3.774871922051535,4.128507800670614
452,3.793372159214651,4.150585475776728
456,3.811798868194106,4.172585136758124
460,3.830152982397375,4.194507740028736
464,3.848435415384453,4.216354222076521
468,3.866647061457031,4.238125500046512
472,3.884788796225299,4.259822472301992
476,3.902861477153421,4.281446018964766
480,3.920865944084643,4.302997002435494
484,3.938803019746971,4.324476267894977
488,3.956673510240276,4.345884643787239
492,3.974478205505672,4.367222942285222
496,3.99221787977794,4.388491959739837
500,4.009893292021736,4.409692477113114
504,4.027505186352319,4.430825260396131
508,4.045054292441415,4.451891061012362
512,4.062541325908917,4.472890616207078
516,4.079966988700964,4.493824649423383
520,4.09733196945501,4.51469387066544
524,4.114636943852426,4.535498976849426
528,4.13188257495913,4.55624065214271
532,4.14906951355476,4.576919568291752
536,4.166198398450853,4.597536384939155
540,4.183269856798467,4.618091749930342
544,4.200284504385691,4.638586299610225
548,4.217242945925427,4.65902065911032
552,4.234145775333838,4.679395442626632
556,4.250993575999844,4.699711253688694
560,4.267786921045986,4.719968685420118
564,4.284526373581028,4.740168320790946
568,4.301212486944587,4.760310732862157
572,4.317845804944116,4.780396485022595
576,4.334426862084518,4.800426131218621
580,4.350956183790682,4.820400216176762
584,4.367434286623192,4.840319275619603
588,4.383861678487479,4.860183836475189
592,4.400238858836643,4.879994417080168
596,4.416566318868195,4.899751527376895
600,4.432844541714922,4.919455669104734
604,4.449074002630102,4.939107335985741
608,4.465255169167276,4.958707013904963
612,4.481388501354749,4.978255181085503
616,4.49747445186504,4.997752308258577
620,4.513513466179429,5.0171988588287
624,4.529505982747791,5.036595289034207
628,4.545452433143883,5.055942048103231
632,4.561353242216229,5.075239578405339
636,4.577208828234757,5.094488315598929
640,4.593019603033354,5.113688688774571
644,4.608785972148444,5.132841120594392
648,4.624508334953749,5.151946027427676
652,4.640187084791356,5.171003819482769
656,4.655822609099205,5.190014900935439
660,4.671415289535124,5.208979670053793
664,4.686965502097526,5.227898519319861
668,4.70247361724287,5.246771835547972
672,4.71794,5.2656
