Run,k1_kf,k2_kd,k_ORR,RMSE,Stage
1,8.2e4,5.6e7,210,0.276129,global
2,2.7e5,9.0e7,9.5,0.154122,global
3,5.7e5,3.2e7,400,0.206768,global
4,7.0e5,1.3e8,710,0.307616,global
5,1.6e5,7.4e7,140,0.126677,global
6,9.9e4,1.4e8,40,0.04609,global
7,2.1e5,2.9e8,340,0.260444,global
8,3.6e4,2.0e7,25,0.052771,global
9,1.4e4,1.8e8,13,0.100601,global
10,5.2e4,4.6e7,26,0.060445,global
11,1.0e4,2.9e7,120,0.320861,global
12,2.5e4,2.4e8,73,0.160994,global
13,5.1e5,1.8e7,68,0.058507,phase2
14,4.8e5,6.6e7,68,0.056486,phase2
15,5.5e5,1.0e8,70,0.058528,phase2
16,4.9e5,3.7e8,68,0.057868,phase2
17,5.5e5,4.3e7,71,0.05756,phase2
18,4.6e5,2.4e8,66,0.059716,phase2
19,4.8e5,1.6e8,69,0.055936,phase2
20,5.0e5,2.8e7,68,0.059043,phase2
21,4.0e5,1.1e8,94,0.046388,dip
22,3.0e5,1.0e8,80,0.042402,dip
23,4.3e5,1.4e8,110,0.048462,dip
24,4.8e5,7.9e7,100,0.046866,dip
25,3.1e5,5.4e7,67,0.04719,phase3
26,5.2e5,4.9e7,48,0.088184,phase3
27,1.8e5,7.4e7,130,0.112077,phase3
28,4.2e5,1.5e8,170,0.100613,phase3
29,6.3e5,8.3e7,35,0.112735,phase3
30,1.2e5,1.8e8,83,0.070782,phase3
31,2.5e5,2.3e8,62,0.046374,phase3
32,2.1e5,1.0e8,110,0.077118,phase3
