time_h,disc_mass_loss_pct,disc_corrosion_rate_mm_per_yr,stent_mass_loss_pct,stent_corrosion_rate_mm_per_yr
0,0.0,0.0,0.0,0.0
1,0.0023729678981465,0.1112857237805481,0.002191,0.01380019510677878
2,0.0046913161693103,0.1154668076100317,0.038197,0.027600286731716307
3,0.0069642038558189,0.1176226100741688,0.072938,0.041400417192185526
4,0.00920079,0.1190558697427829,0.106652,0.055200600971187334
5,0.011410233644181,0.1200895057210479,0.139314,0.06900085709348117
6,0.0136016938306896,0.1208797211170362,0.171203,0.07620121020735562
7,0.0157843296018534,0.1215268809056527,0.202306,0.0834016917977369
8,0.0179673,0.1221030145613062,0.232859,0.09060234149991468
9,0.0201571904938792,0.1226465337943992,0.262926,0.09780320846205968
10,0.0223502922579309,0.1231313538342954,0.292593,0.10500435267985138
11,0.0245403228930171,0.1235321314044198,0.321905,0.1080058461990393
12,0.026721,0.1238339079555154,0.350448,0.11145812370384121
13,0.0288854220365518,0.1240254217468656,0.378539,0.11462701799667283
14,0.0310242108875864,0.1240894832507529,0.406261,0.11736578788158587
15,0.0331273692948278,0.1240118522378651,0.433538,0.12001721518276275
16,0.0351849,0.1237820992815037,0.460433,0.12313947700189087
17,0.0371876494849132,0.1233955996827052,0.487044,0.12623341542178623
18,0.0391298391917231,0.1228584881388688,0.513284,0.12918495744068104
19,0.0410065343026714,0.1221787452775384,0.539167,0.1319126617621311
20,0.0428127999999999,0.1213637245757375,0.564622,0.13436771181068785
21,0.044546836273795,0.1204272510841864,0.589575,0.13653390755263078
22,0.0462193823455208,0.1194131562024102,0.614329,0.13842765637805263
23,0.0478443122444862,0.1183655353721301,0.638696,0.14009796343226
24,0.0494355,0.1173216363539563,0.662856,0.14162642191191394
25,0.0510048413574066,0.1163081869633094,0.686674,0.1431272039511858
26,0.0525563189261935,0.1153302643339966,0.710008,0.14484775210176445
27,0.0540919370318836,0.114388645785176,0.733155,0.1465445311162847
28,0.0556137,0.1134837162942553,0.756186,0.14811938853070108
29,0.0571245842340784,0.1126178495617659,0.779022,0.1495020724511571
30,0.0586314544497051,0.1117997089875733,0.801347,0.1506502356801594
31,0.0601421474404793,0.1110400528034714,0.823533,0.15154944390995276
32,0.0616645,0.1103466271593397,0.845296,0.15221318796092428
33,0.0632020607687797,0.1097205986317153,0.866715,0.15268289974479227
34,0.0647412257749857,0.1091328583492951,0.887945,0.15302797132811893
35,0.0662641028936989,0.1085510121743906,0.908924,0.153345776189016
36,0.0677528,0.1079458151702543,0.929542,0.153829140769428
37,0.0691946586283026,0.1073001618543659,0.94998,0.15429322957958186
38,0.0705979549503517,0.1066290900331442,0.970117,0.15467192205791316
39,0.071976198797225,0.1059546719306844,0.990047,0.15491732928655932
40,0.0733429,0.1052963957719576,1.00953,0.155
41,0.0747092219055095,0.1046694585321525,1.02897,0.15490911567447696
42,0.0760769419236071,0.1040735468549181,1.04803,0.15465267411696518
43,0.077445490979901,0.1035060759143579,1.06687,0.15425766135405738
44,0.0788143,0.1029638654141289,1.0855,0.15377021202039926
45,0.080180978749659,0.1024429444577545,1.10385,0.15325575882790488
46,0.0815358523552198,0.1019289328018456,1.12211,0.1527991720274196
47,0.0828674247831707,0.1014080761625971,1.13987,0.15233439332967957
48,0.0841642,0.1008669688875111,1.15753,0.15186220552114182
49,0.0854198255958543,0.1002989122045029,1.17492,0.1513834007718409
50,0.0866485236555136,0.0997222294942595,1.19197,0.15089875937868308
51,0.087869659887416,0.0991592325684726,1.20894,0.15040903070193412
52,0.0891026,0.098630942852046,1.22558,0.1499149172020298
53,0.0903623048044236,0.0981508134539094,1.24201,0.14941706220117207
54,0.0916461155227257,0.0977141114547053,1.25818,0.14891604168995404
55,0.0929469684796649,0.0973106579992216,1.27407,0.1484123602011858
56,0.0942578,0.0969317856876117,1.28983,0.14792323372232577
57,0.095571267686451,0.0965687683688218,1.30536,0.1474196556865335
58,0.0968789142535834,0.0962119684242214,1.32072,0.14690449134308758
59,0.0981720036939242,0.0958529072251585,1.33597,0.1463640007295927
60,0.0994418,0.0954836895734914,1.35097,0.14578905990703597
61,0.1006826244497722,0.0950990466570088,1.36565,0.14516677905525466
62,0.1019010274629403,0.0947057906742187,1.38017,0.1445161764772001
63,0.1031066167446382,0.0943131005157412,1.39455,0.14383970286836747
64,0.104309,0.0939299780567073,1.40896,0.14314446161727554
65,0.1055146970144601,0.0935613703553446,1.423,0.14243382418140307
66,0.1067178758946553,0.0932015117139073,1.43687,0.14174310008049812
67,0.1079096168275229,0.0928427113407271,1.45076,0.14104863211380578
68,0.109081,0.0924769708547953,1.46434,0.14036476908068665
69,0.1102256281173872,0.0920996165460294,1.47786,0.13967020797545765
70,0.1113471939584383,0.0917137988330426,1.49113,0.13897932354232256
71,0.1124519128202703,0.0913249075753489,1.50431,0.1382852919070872
72,0.113546,0.0909380348308265,1.5172,0.1376025143048878
73,0.1146357748909909,0.0905584568008591,1.53003,0.13690973968526635
74,0.1157279732715913,0.0901911266232787,1.54272,0.13622139218093787
75,0.1168294350163961,0.0898404379764045,1.55522,0.13553069331628642
76,0.117947,0.0895109153263,1.56757,0.13485208488727154
77,0.1190841160686493,0.0892046818812059,1.57988,0.13416435119082606
78,0.1202306629551964,0.0889133599249827,1.59224,0.13348194648307635
79,0.1213731283641453,0.0886261460475104,1.60433,0.13279811744069514
80,0.122498,0.0883338722996632,1.61627,0.1321273264667377
81,0.123594057709412,0.0880280047984827,1.6281,0.13144837444354512
82,0.1246592499076231,0.0877075848314115,1.63985,0.1307757287526063
83,0.1256938171520226,0.0873740262234408,1.65158,0.13010264629184867
84,0.126698,0.0870272397423185,1.66322,0.12944359730188318
85,0.1276745124687028,0.0866698867973683,1.6746,0.1287773885857441
86,0.1286359624143114,0.0863107931432753,1.68597,0.1281184919332827
87,0.1295974311527642,0.0859596602764064,1.69734,0.1274601674788427
88,0.130574,0.0856264577283874,1.70861,0.12681688780662043
89,0.1315752517907769,0.0853164381629548,1.71964,0.12616746139403276
90,0.1325887754351316,0.0850215769850417,1.73058,0.12552636121152144
91,0.1335966613619206,0.0847293141063866,1.74157,0.12488684821513191
92,0.134581,0.0844286751213925,1.75258,0.12426339555372212
93,0.1355285272431896,0.0841116967923262,1.76334,0.12363481208788807
94,0.1364445608451622,0.0837821636197807,1.77408,0.1230155710448894
95,0.1373390640245536,0.0834465237514761,1.78483,0.1223989335508012
96,0.138222,0.0831109574662191,1.79549,0.12179164040648738
97,0.1391032798614646,0.0827813599595659,1.80606,0.12119197416038624
98,0.1399926061842197,0.0824629178116984,1.81649,0.12060044612146635
99,0.140899629414865,0.0821616035375824,1.8269,0.12001796035302334
100,0.141834,0.0818817952364427,1.83724,0.11946372718156979
101,0.1427996189359519,0.0816254210145958,1.8475,0.11892857190820577
102,0.1437773894179588,0.0813813254628853,1.85762,0.1184099697246317
103,0.1447424651909863,0.0811345501974315,1.86789,0.11790272757961456
104,0.14567,0.0808713712424582,1.87808,0.11742008455760954
105,0.1465425256447276,0.0805833198809019,1.88831,0.11694459673685918
106,0.1473720861439448,0.080277327299977,1.8985,0.11646925407939052
107,0.1481781035711897,0.0799643756139042,1.90856,0.11600104895111923
108,0.14898,0.07965504141184,1.91854,0.11553926806530396
109,0.1497931534851378,0.0793573719210672,1.92845,0.11508317482519305
110,0.1506167660062618,0.079070630592228,1.93857,0.11463157808858729
111,0.1514459955242549,0.0787920034093958,1.94844,0.11418750582751051
112,0.152276,0.0785187765638747,1.95846,0.11375119813520054
113,0.1531018447897212,0.0782479562770646,1.96819,0.11332178554778685
114,0.1539182248310079,0.0779774407055526,1.97804,0.11289768298368372
115,0.1547197424567906,0.0777038635463486,1.98804,0.11247744988345036
116,0.155501,0.0774252607946435,1.99781,0.11206315850815887
117,0.1562585767309773,0.077139429039191,2.00751,0.11165364568764599
118,0.1569969596697067,0.0768490654195411,2.01716,0.1112504312354315
119,0.1577226127735827,0.0765574210402392,2.02681,0.1108519883449886
120,0.158442,0.0762676389490787,2.0365,0.11045760372960398
121,0.1591610826613694,0.0759825186426825,2.04619,0.110071
122,0.1598838114901653,0.0757038161203558,2.0558,0.109688
123,0.1606136345738787,0.0754329943929576,2.06539,0.10931
124,0.161354,0.0751714694393152,2.07479,0.108929
125,0.1621068269985453,0.0749195909639031,2.08427,0.108558
126,0.162867919369632,0.0746758283417275,2.09385,0.108197
127,0.1636315520559027,0.0744370776442405,2.10346,0.107844
128,0.164392,0.0742003258638596,2.11299,0.107493
129,0.1651440937194494,0.0739638279456092,2.1225,0.107147
130,0.1658848860313067,0.0737256530232809,2.13189,0.106799
131,0.1666119853275107,0.0734853973274057,2.14115,0.10645
132,0.167323,0.073241449781997,2.15055,0.106114
133,0.1680162824986573,0.0729937865494246,2.16005,0.105787
134,0.1686931615051413,0.072742456067484,2.1694,0.105458
135,0.1693557097590547,0.0724890316938034,2.17859,0.105128
136,0.170006,0.0722338367551119,2.18792,0.104808
137,0.1706456669109214,0.0719778979786952,2.19716,0.104488
138,0.1712745929481282,0.0717214832367541,2.20643,0.104174
139,0.1718922225112708,0.0714637745522095,2.21566,0.103864
140,0.172498,0.0712051648602844,2.22475,0.103552
141,0.1730926436076571,0.0709453745717826,2.23406,0.103254
142,0.1736819667023462,0.0706873850114074,2.24328,0.102956
143,0.1742730564458622,0.0704334339643997,2.25254,0.102664
144,0.1748730000000001,0.0701865735834799,2.26167,0.102371
145,0.1754861024084504,0.069948667173543,2.27093,0.102087
146,0.1761055402424872,0.0697162473042629,2.28019,0.101807
147,0.1767217079552805,0.069486005987642,2.28943,0.10153
148,0.177325,0.0692535687888145,2.29853,0.101251
149,0.1779083530085417,0.0690165264330737,2.30766,0.100976
150,0.1784748723277051,0.0687761672006484,2.31682,0.100707
151,0.179030205483016,0.0685347185187615,2.32593,0.100439
152,0.17958,0.0682943493785442,2.33492,0.100171
153,0.1801283136823831,0.0680565716116974,2.34394,0.099906
154,0.1806728454466925,0.0678204709281203,2.35294,0.099645
155,0.1812097044876556,0.0675845636523444,2.36213,0.099394
156,0.181735,0.0673474040307041,2.37112,0.099139
157,0.182246642261926,0.067108246232293,2.38017,0.098888
158,0.1827497458855251,0.0668689993436887,2.38932,0.098646
159,0.1832512265663617,0.0666321794743164,2.39829,0.098399
160,0.183758,0.0663999610517511,2.40722,0.098154
161,0.184275257894913,0.0661746765660404,2.41618,0.097913
162,0.1848012960112073,0.0659553148331872,2.42513,0.097675
163,0.1853326861218979,0.0657405509937786,2.43406,0.097438
164,0.185866,0.0655290924004893,2.44302,0.097206
165,0.186398841783422,0.065320039415201,2.45188,0.096973
166,0.1869329450696459,0.065113952413499,2.46084,0.096747
167,0.1874710758210468,0.0649114630809908,2.46973,0.096521
168,0.188016,0.0647140007943664,2.4785,0.096293
169,0.188568390596399,0.0645214379756885,2.48733,0.096069
170,0.1891205487102093,0.0643310694736942,2.49617,0.095849
171,0.1896626824689151,0.0641395454016673,2.50494,0.095629
172,0.190185,0.0639433247678555,2.51382,0.095416
173,0.1906797208309822,0.0637404213833017,2.52279,0.095208
174,0.1911471100895168,0.0635307731063708,2.53168,0.095
175,0.1915894443032929,0.063314981219433,2.54047,0.094791
176,0.192009,0.0630944265984839,2.54914,0.094579
177,0.1924101167046722,0.0628700807164546,2.55791,0.094374
178,0.1928053859317236,0.0626466233406139,2.56672,0.094172
179,0.1932094621929132,0.0624282513860177,2.57548,0.093971
180,0.193637,0.0622198489007858,2.58426,0.093772
181,0.1940977967253291,0.0620246425073574,2.59301,0.093576
182,0.1945822211835891,0.0618388365104513,2.60175,0.093381
183,0.1950757850500545,0.0616579550729089,2.61038,0.093184
184,0.195564,0.0614773635084649,2.61905,0.092991
185,0.1960352745190115,0.0612936904255228,2.62787,0.092805
186,0.1964896043339203,0.0611064719891457,2.63661,0.092618
187,0.1969298819818689,0.0609169138504552,2.64525,0.09243
188,0.197359,0.0607259431401001,2.65396,0.092247
189,0.1977787770736248,0.060534393236808,2.66248,0.092058
190,0.1981867364807297,0.0603410133106027,2.67112,0.091876
191,0.1985793276474698,0.0601450078160802,2.67987,0.0917
192,0.198953,0.0599453477420147,2.68848,0.091521
193,0.1993070234364892,0.0597418707629224,2.69719,0.091347
194,0.1996519497431608,0.0595377822333534,2.70582,0.091172
195,0.200001151178252,0.0593373082331643,2.71453,0.091001
196,0.200368,0.0591438447098258,2.72318,0.090831
197,0.2007609104304185,0.0589600027833881,2.7318,0.090661
198,0.2011684645466272,0.0587823006897435,2.74039,0.090492
199,0.2015742863895222,0.0586058849228885,2.74903,0.090326
200,0.201962,0.0584262443973031,2.75754,0.090158
201,0.2023200223418369,0.0582396042636238,2.76616,0.089995
202,0.2026559420703307,0.0580484844928656,2.77482,0.089835
203,0.2029821407636591,0.0578564801193855,2.78344,0.089676
204,0.203311,0.0576673584183832,2.79207,0.089518
205,0.2036513283272338,0.0574830813394913,2.80065,0.089359
206,0.2039976421720502,0.0573022779193099,2.80932,0.089206
207,0.2043408849308415,0.0571223661760225,2.81782,0.089049
208,0.204672,0.0569408136117839,2.82644,0.088897
209,0.2049848674742278,0.0567559491381687,2.835,0.088745
210,0.2052851142414682,0.0565693703873347,2.84362,0.088595
211,0.2055813038879745,0.0563832131131456,2.85205,0.088442
212,0.2058820000000001,0.0562002805941567,2.86051,0.088291
213,0.2061931549008549,0.0560219101456206,2.8691,0.088145
214,0.2065102758620768,0.0558468229821858,2.87763,0.087999
215,0.2068262588922604,0.055672826982546,2.88608,0.087852
216,0.207134,0.0554984693402814,2.89453,0.087706
217,0.2074297472973528,0.0553225226661764,2.90289,0.087559
218,0.2077231573102247,0.0551473403864417,2.91136,0.087416
219,0.2080272386679842,0.0549768113350923,2.91989,0.087277
220,0.208355,0.0548138344455452,2.92825,0.087134
221,0.2087139496597343,0.0546607325297245,2.9368,0.086998
222,0.2090895948970247,0.0545131366252376,2.94527,0.086861
223,0.2094619426858028,0.0543660110733933,2.95383,0.086727
224,0.209811,0.0542141834380133,2.96218,0.086589
225,0.2101228446887103,0.0540543620874742,2.97065,0.086455
226,0.2104078381016767,0.0538888540431866,2.97915,0.086323
227,0.2106824124638048,0.0537221493050702,2.98757,0.08619
228,0.210963,0.0535584352659832,2.99582,0.086054
229,0.2112615622104248,0.0534006963187683,3.00421,0.085923
230,0.2115721776962687,0.0532473644325112,3.0126,0.085793
231,0.2118844543339783,0.0530957783418613,3.02092,0.085663
232,0.212188,0.0529433225344638,3.02931,0.085534
233,0.2124755158445907,0.0527881947733935,3.03769,0.085408
234,0.2127520761132486,0.0526316844569075,3.04605,0.085281
235,0.2130258483252822,0.0524758210821913,3.05435,0.085155
236,0.213305,0.0523225998493095,3.0626,0.085027
237,0.2135951712862123,0.0521733650420622,3.07099,0.084905
238,0.2138918928507368,0.0520269793941076,3.07937,0.084783
239,0.2141881679898929,0.0518817124260769,3.08768,0.084661
240,0.214477,0.0517358624147194,3.09595,0.084539
241,0.21475300213556,0.0515881425417743,3.10417,0.084416
242,0.2150172274838042,0.0514388278025034,3.11239,0.084294
243,0.2152723390901462,0.0512885722502286,3.12067,0.084175
244,0.215521,0.0511378040876411,3.12886,0.084054
245,0.2157667576715478,0.0509877961510578,3.13712,0.083936
246,0.2160166972140466,0.0508399934798241,3.14533,0.083819
247,0.2162787881495221,0.0506962374005146,3.15357,0.083702
248,0.216561,0.0505581269036133,3.16185,0.083588
249,0.2168676703032489,0.0504270261832838,3.17009,0.083473
250,0.2171886086600094,0.0503000688696256,3.17838,0.083362
251,0.2175099926867653,0.0501744383484202,3.18653,0.083247
252,0.217818,0.0500465227004962,3.19468,0.083133
253,0.2181024361154567,0.0499144350406185,3.2029,0.083021
254,0.2183676181459157,0.0497787904746884,3.21099,0.082907
255,0.2186214911034169,0.0496418517851673,3.21903,0.082794
256,0.218872,0.0495050151821596,3.22705,0.08268
257,0.2191267258599244,0.0493704022644566,3.23504,0.082566
258,0.2193917937563277,0.0492389482274504,3.2431,0.082455
259,0.2196729647745672,0.0491123171165042,3.25105,0.082342
260,0.219976,0.0489913249678055,3.25903,0.082232
261,0.2203027698198458,0.0488767325576662,3.26713,0.082125
262,0.2206395818287736,0.0487650310218677,3.2751,0.082015
263,0.2209688529233146,0.0486527245827438,3.28305,0.081905
264,0.221273,0.0485355556341132,3.291,0.081797
265,0.2215410386106923,0.0484115853794127,3.29897,0.08169
266,0.221788378928578,0.0482838394355648,3.30696,0.081584
267,0.2220370297821747,0.0481575382100884,3.31492,0.081478
268,0.222309,0.0480370176579896,3.32272,0.081369
269,0.2226189507373851,0.0479255706359299,3.33064,0.081264
270,0.2229521524569147,0.0478201385204288,3.33847,0.081157
271,0.2232865279479869,0.047715536328035,3.34633,0.081052
272,0.2236,0.0476072538694035,3.35404,0.080944
273,0.2238764396897675,0.0474921098554303,3.36195,0.080842
274,0.2241235112437637,0.0473714010617762,3.36984,0.08074
275,0.224354827175878,0.0472482529602919,3.37791,0.080643
276,0.224584,0.0471255483614409,3.38572,0.080541
277,0.224821837378545,0.047005739948161,3.39349,0.080438
278,0.2250679275680309,0.0468883166938035,3.40129,0.080336
279,0.2253190539735014,0.0467727814910981,3.4091,0.080236
280,0.225572,0.0466586451868855,3.41683,0.080135
281,0.2258239451710526,0.0465449203724571,3.42455,0.080034
282,0.2260736534841129,0.0464315435835502,3.43227,0.079934
283,0.2263202850551167,0.0463185341905678,3.43994,0.079833
284,0.226563,0.0462053286747152,3.44763,0.079734
285,0.2268017881872448,0.0460921203995613,3.4553,0.079635
286,0.2270399584955178,0.0459795794800363,3.46294,0.079536
287,0.2272816495560319,0.0458687272439239,3.47063,0.079438
288,0.227531,0.0457599938637201,3.47825,0.07934
289,0.2277907614549683,0.0456541003990003,3.48586,0.079242
290,0.2280581375338161,0.0455504589964755,3.49363,0.079149
291,0.2283289448457558,0.0454482137855175,3.50139,0.079055
292,0.228599,0.045346711477911,3.509,0.07896
293,0.2288653378678819,0.0452449780375697,3.5166,0.078865
294,0.2291298663692178,0.0451435810667313,3.52408,0.078767
295,0.2293957116859449,0.0450431309780287,3.53167,0.078673
296,0.229666,0.0449442299558779,3.53933,0.078581
297,0.2299419339485041,0.0448470969333271,3.5469,0.078487
298,0.2302170219893127,0.0447504522890387,3.55446,0.078395
299,0.2304828490354649,0.0446526608194957,3.56191,0.0783
300,0.230731,0.0445521090691718,3.5693,0.078204
301,0.2309562857131017,0.0444478258010526,3.57687,0.078113
302,0.2311664206735316,0.0443411410640356,3.58435,0.078021
303,0.2313723452971957,0.044234542134492,3.59185,0.07793
304,0.231585,0.0441299276381621,3.59935,0.077839
305,0.2318127513240891,0.0440288671699138,3.60682,0.077748
306,0.232053670316561,0.0439309607811513,3.61421,0.077657
307,0.2323032541507525,0.0438353280353798,3.62156,0.077565
308,0.232557,0.0437410999018219,3.62909,0.077478
309,0.2328111933655422,0.0436475663669931,3.63646,0.077387
310,0.2330652730602246,0.043554615837946,3.64389,0.077298
311,0.2333194662247947,0.0434621020194971,3.65128,0.07721
312,0.233574,0.0433704274783981,3.65868,0.077121
313,0.2338296314637424,0.0432795426878786,3.66599,0.077032
314,0.2340892374425408,0.0431901527294298,3.67354,0.076948
315,0.2343562247000689,0.0431025076324656,3.68098,0.076863
316,0.234634,0.0430173959429788,3.68835,0.076777
317,0.2349238276544886,0.0429348440314438,3.69563,0.076689
318,0.2352184021696124,0.0428538570060467,3.70305,0.076604
319,0.23550827559993,0.0427725248420902,3.71027,0.076517
320,0.235784,0.042688960445372,3.71769,0.076434
321,0.2360394485433034,0.0426024369491093,3.72492,0.076347
322,0.2362817788790098,0.0425140912918418,3.73231,0.076265
323,0.2365214697752114,0.0424256413225464,3.7397,0.076182
324,0.2367690000000001,0.0423393178069956,3.74693,0.076098
325,0.237031971922298,0.0422561011686642,3.75419,0.076014
326,0.2373064823143484,0.0421756237233978,3.76148,0.075931
327,0.2375857515492246,0.0420963052598371,3.76883,0.07585
328,0.237863,0.0420172908227413,3.77601,0.075766
329,0.2381335700175048,0.0419375814093935,3.78338,0.075687
330,0.2384012918635966,0.0418576795634357,3.79051,0.075603
331,0.2386721177778902,0.0417789801819966,3.7978,0.075523
332,0.238952,0.0417023362184622,3.80505,0.075442
333,0.239243982382683,0.0416280835346079,3.81234,0.075363
334,0.2395394752312651,0.0415550598762692,3.81965,0.075285
335,0.2398269804642147,0.0414810914882437,3.82695,0.075207
336,0.240095,0.041404203935241,3.83406,0.075126
337,0.2403360317017634,0.0413231332094738,3.84134,0.075049
338,0.2405585572113431,0.0412393703453792,3.84861,0.074972
339,0.2407750541152512,0.0411550718496329,3.85585,0.074894
340,0.240998,0.0410723689298793,3.86323,0.074821
341,0.2412375783102635,0.0409929780271454,3.87047,0.074744
342,0.2414947959233627,0.0409168684512833,3.87769,0.074668
343,0.2417683655747806,0.0408441375179048,3.8849,0.074592
344,0.242057,0.0407743678736258,3.89209,0.074516
345,0.2423579206821828,0.0407068957195343,3.89921,0.074439
346,0.2426623840952063,0.0406404073303044,3.90644,0.074365
347,0.2429601554606266,0.0405733559131076,3.91359,0.07429
348,0.243241,0.0405037015050966,3.92061,0.074212
349,0.2434980983360054,0.0404306740948104,3.92772,0.074137
350,0.2437382926958124,0.0403550959998408,3.93487,0.074064
351,0.2439718407077132,0.0402788515971745,3.9421,0.073991
352,0.244209,0.0402036352444128,3.94931,0.073919
353,0.2444581703487957,0.0401309861454364,3.95645,0.073846
354,0.2447203201215443,0.0400607042132638,3.96366,0.073775
355,0.2449945598335209,0.0399927921532617,3.97087,0.073704
356,0.24528,0.0399270852276677,3.97802,0.073633
357,0.2455752046438122,0.039863499715732,3.98515,0.073562
358,0.2458765518180104,0.0398010969397177,3.99239,0.073493
359,0.2461798730832035,0.0397393608884549,3.99948,0.073422
360,0.246481,0.0396776149897105,4.00663,0.073352
361,0.2467762298259557,0.0396152649154771,4.01382,0.073284
362,0.247063722606414,0.0395520211055256,4.02095,0.073214
363,0.2473421040836654,0.0394876715330091,4.02817,0.073147
364,0.24761,0.0394220064973601,4.03523,0.073077
365,0.247866797927365,0.0393549395515849,4.04236,0.073009
366,0.2481149327563334,0.0392868677085526,4.0495,0.072942
367,0.2483576012071352,0.0392183039614905,4.05663,0.072874
368,0.248598,0.0391497557360935,4.06381,0.072808
369,0.2488386253395845,0.0390816149457462,4.07077,0.072738
370,0.2490791713682523,0.0390139946960105,4.07797,0.072674
371,0.249318631712794,0.0389464059843454,4.08515,0.072608
372,0.249556,0.0388788550424543,4.09233,0.072544
373,0.2497907788392973,0.0388112642803517,4.09953,0.07248
374,0.2500245067706576,0.0387438724249995,4.10667,0.072416
375,0.2502592313166891,0.0386769943230519,4.11385,0.072352
376,0.2504970000000001,0.0386109414770478,4.12105,0.072289
377,0.2507397749282266,0.0385460089589923,4.12831,0.072228
378,0.2509891765491175,0.0384824363391539,4.1356,0.072167
379,0.2512467398954496,0.0384204476019417,4.14272,0.072104
380,0.251514,0.0383602643779788,4.14994,0.072043
381,0.2517911683227967,0.0383017433119308,4.15714,0.071982
382,0.2520731620328729,0.0382444218233555,4.16428,0.07192
383,0.2523535747265125,0.0381871607787364,4.17137,0.071858
384,0.252626,0.0381289927805124,4.17852,0.071797
385,0.2528860049055865,0.0380692575482459,4.18573,0.071737
386,0.2531370503193912,0.0380083267979294,4.19287,0.071676
387,0.2533845705735003,0.037947342836457,4.2,0.071616
388,0.2536340000000001,0.0378869587235954,4.20702,0.071554
389,0.2538891870548574,0.0378277432303399,4.21407,0.071493
390,0.2541476366895626,0.0377693165846826,4.22118,0.071433
391,0.2544052679794865,0.0377109089745586,4.22816,0.071371
392,0.2546580000000001,0.0376522335814944,4.23519,0.071311
393,0.2549031999999841,0.0375927462950309,4.24227,0.071251
394,0.2551440279223587,0.0375329181259576,4.24941,0.071193
395,0.2553850918835541,0.0374732699760272,4.25646,0.071134
396,0.2556310000000001,0.0374147896740304,4.26348,0.071074
397,0.2558854973202064,0.037357858262829,4.27065,0.071018
398,0.2561488766210025,0.0373023495963579,4.27767,0.070959
399,0.2564205676112974,0.0372484834425449,4.28462,0.070899
400,0.2567,0.0371960086864863,4.29173,0.070842
401,0.2569863107191901,0.0371447901850667,4.29862,0.070782
402,0.2572774655936311,0.0370943690370272,4.3057,0.070725
403,0.2575711376712564,0.0370447161883204,4.31261,0.070666
404,0.2578650000000001,0.0369953367969658,4.31956,0.070608
405,0.2581575879280328,0.0369458636001211,4.32648,0.070549
406,0.2584508860044732,0.0368968909133328,4.33345,0.070492
407,0.2587477410786771,0.0368486657893055,4.34037,0.070434
408,0.259051,0.0368014321518622,4.3473,0.070377
409,0.2593617906936789,0.0367556516765761,4.35414,0.070318
410,0.259674365388476,0.0367103470976177,4.36103,0.070261
411,0.2599812573890353,0.0366643074946736,4.36794,0.070204
412,0.260275,0.03661679571142,4.37488,0.070147
413,0.2605507961722517,0.0365668416337024,4.38179,0.070091
414,0.2608145274416225,0.0365155935438737,4.38865,0.070034
415,0.261074744990182,0.0364641019858154,4.3955,0.069977
416,0.26134,0.0364134067931657,4.40238,0.069921
417,0.2616161183673143,0.0363646179229354,4.40919,0.069865
418,0.2618980248450341,0.0363168654416102,4.41611,0.06981
419,0.2621779189002369,0.036268910052513,4.42297,0.069754
420,0.2624480000000001,0.0362199813322405,4.42974,0.069698
421,0.2627036678584915,0.036169148577888,4.43655,0.069642
422,0.2629531231782414,0.0361178555621538,4.44336,0.069586
423,0.2632077669088706,0.0360673643951954,4.45024,0.069532
424,0.263479,0.0360195310025718,4.45708,0.069478
425,0.2637739758237202,0.0359751612050623,4.4638,0.069422
426,0.2640828574420007,0.0359327408060854,4.47063,0.069368
427,0.2643915603392808,0.0358906460244686,4.47741,0.069313
428,0.264686,0.0358466656058048,4.48417,0.069258
429,0.2649567257216281,0.0357998369159786,4.49094,0.069204
430,0.2652128220537562,0.0357511036678421,4.49775,0.069151
431,0.2654680073590063,0.0357026244342861,4.50462,0.069099
432,0.2657360000000001,0.0356559382002054,4.51139,0.069045
433,0.2660258869147678,0.0356125485716024,4.51814,0.068992
434,0.2663282293429746,0.0355708729475139,4.52491,0.068939
435,0.2666289570996941,0.0355293234436366,4.53169,0.068886
436,0.266914,0.0354857301040604,4.53848,0.068834
437,0.2671737578693009,0.0354391316590225,4.54528,0.068782
438,0.2674165105743455,0.0353903466970946,4.55189,0.068728
439,0.2676550079922173,0.0353413709989888,4.55863,0.068675
440,0.267902,0.0352935885935026,4.56526,0.068622
441,0.2681675503580286,0.0352486107214977,4.572,0.06857
442,0.2684509783596435,0.0352060329297233,4.57856,0.068516
443,0.2687489171814368,0.0351656942291382,4.58521,0.068464
444,0.269058,0.0351268444964167,4.59183,0.06841
445,0.2693743844485848,0.0350892683084911,4.59845,0.068358
446,0.2696923259870804,0.0350519156855749,4.60514,0.068307
447,0.2700056045320358,0.0350142729973868,4.61182,0.068256
448,0.270308,0.034975390528745,4.61835,0.068202
449,0.2705949430976325,0.0349345394664907,4.62498,0.068151
450,0.270868467692035,0.0348921414491317,4.63158,0.068099
451,0.27113225844042,0.03484882716322,4.63817,0.068047
452,0.27139,0.034804782407545,4.64474,0.067996
453,0.2716452806608855,0.0347607636416512,4.65137,0.067945
454,0.2719013032447797,0.0347168875447256,4.65785,0.067892
455,0.272161174206284,0.0346738406689446,4.66447,0.067842
456,0.272428,0.0346317210994525,4.67103,0.067791
457,0.2727037936338258,0.0345910691028224,4.67748,0.067739
458,0.2729861943288465,0.0345512856101329,4.68402,0.067688
459,0.273271747859444,0.0345122190354735,4.69053,0.067637
460,0.273557,0.0344731394114142,4.6972,0.067589
461,0.2738392791788114,0.0344340005580447,4.70366,0.067538
462,0.2741190444398343,0.0343945711088107,4.71021,0.067488
463,0.2743975374809401,0.0343552974278213,4.71666,0.067437
464,0.274676,0.0343160449439533,4.72317,0.067387
465,0.2749556834009287,0.0342772578912817,4.72956,0.067336
466,0.2752378779118161,0.0342388057348794,4.73608,0.067287
467,0.2755238834667954,0.0342011354066779,4.74254,0.067237
468,0.275815,0.0341641155135606,4.74894,0.067186
469,0.2761110809674736,0.0341280108771172,4.75554,0.067139
470,0.2764061939129011,0.0340917971662512,4.7619,0.067088
471,0.2766929599018781,0.0340548533735926,4.76837,0.067039
472,0.276964,0.0340159916941235,4.77486,0.06699
473,0.2772150239791771,0.0339749843368739,4.78132,0.066942
474,0.2774540964365794,0.0339325456384125,4.78787,0.066895
475,0.277692370675692,0.0338903309889757,4.79424,0.066845
476,0.277941,0.0338495550707862,4.80069,0.066797
477,0.2782082606158183,0.0338112146752827,4.80704,0.066748
478,0.2784909203407814,0.0337749025517699,4.81357,0.066701
479,0.2787828698953539,0.0337397244967727,4.82005,0.066654
480,0.279078,0.033705219140086,4.82643,0.066606
481,0.2793711210575499,0.033670615421553,4.83283,0.066558
482,0.279660722200295,0.0336355905261402,4.83913,0.066509
483,0.2799462122428926,0.0336003587893991,4.84555,0.066462
484,0.280227,0.0335645682942313,4.85201,0.066416
485,0.2805026614039826,0.0335284538945649,4.85826,0.066367
486,0.2807734408580388,0.0334917649490362,4.86463,0.066319
487,0.2810397498830757,0.0334546945213357,4.87099,0.066273
488,0.2813020000000001,0.0334174346318719,4.87735,0.066225
489,0.28156193645152,0.0333799124737635,4.88362,0.066178
490,0.2818266393675497,0.0333432478676932,4.88993,0.066131
491,0.2821045225998046,0.033308148752553,4.89622,0.066083
492,0.282404,0.0332757367631669,4.90242,0.066035
493,0.2827295302899374,0.033246659924816,4.90881,0.065989
494,0.2830697516717622,0.0332192852347967,4.91513,0.065943
495,0.2834093472177059,0.0331919478537959,4.92133,0.065895
496,0.283733,0.0331629970242337,4.92763,0.065849
497,0.2840290517637303,0.0331308038751377,4.93377,0.065801
498,0.2843004789454013,0.033095873428818,4.94009,0.065756
499,0.2845539166543716,0.0330589929977602,4.94637,0.06571
500,0.284796,0.0330210827170243,4.95269,0.065665
501,0.2850330595301411,0.0329826037185006,4.95893,0.065618
502,0.2852702075466326,0.032944288241562,4.96514,0.065573
503,0.2855122517898078,0.0329068280669121,4.97143,0.065527
504,0.285764,0.0328704945112953,4.97768,0.065482
505,0.286028553865705,0.0328357749266331,4.98402,0.065439
506,0.2863021908680682,0.0328022332472552,4.99035,0.065394
507,0.2865794824363972,0.0327693798292929,4.99671,0.065351
508,0.2868550000000001,0.0327363156467706,5.00292,0.065306
509,0.2871248187570389,0.0327027323039548,5.00914,0.065261
510,0.2873910289810949,0.0326688704643622,5.01546,0.065218
511,0.2876572247146034,0.0326352770098326,5.02158,0.065172
512,0.287927,0.0326020829919123,5.02777,0.065127
513,0.2882026242311396,0.0325696793727132,5.034,0.065084
514,0.2884810682075528,0.0325377198761203,5.04019,0.065039
515,0.2887579780801895,0.0325058487514648,5.04633,0.064995
516,0.289029,0.0324733030724087,5.05267,0.064953
517,0.2892916374434031,0.0324399430956067,5.0588,0.064908
518,0.2895508231886944,0.0324063256101654,5.06504,0.064866
519,0.2898133473396385,0.032373346978966,5.07127,0.064822
520,0.290086,0.0323414883998353,5.07742,0.064779
521,0.2903732478702481,0.0323113762051703,5.08373,0.064737
522,0.2906702640376698,0.032282464270978,5.08994,0.064695
523,0.2909698981862566,0.0322540889944368,5.09609,0.064652
524,0.2912650000000001,0.0322251850746993,5.10224,0.064609
525,0.2915502304506046,0.0321953011905027,5.1084,0.064566
526,0.2918274956606266,0.03216465302008,5.11468,0.064525
527,0.2921005130403354,0.0321337892492052,5.12091,0.064483
528,0.292373,0.0321028491418034,5.12719,0.064443
529,0.2926476740773336,0.032072265703985,5.1334,0.064401
530,0.2929232533198239,0.0320418966883602,5.13957,0.06436
531,0.2931974559024022,0.0320116266250201,5.14578,0.064318
532,0.2934680000000001,0.0319809371789803,5.15205,0.064278
533,0.2937343232400609,0.0319499037816062,5.15835,0.064239
534,0.2940027410600779,0.0319192140180031,5.16461,0.064198
535,0.2942812883500558,0.0318898710208653,5.17088,0.064159
536,0.2945780000000001,0.0318624682432665,5.17699,0.064117
537,0.2948968610874227,0.0318375588147806,5.18329,0.064078
538,0.295225657439865,0.0318138126205129,5.18947,0.064038
539,0.2955481250723746,0.0317894738143689,5.19562,0.063997
540,0.295848,0.0317629333825277,5.20186,0.063958
541,0.2961151230352482,0.0317328478035262,5.20813,0.063919
542,0.2963637541804627,0.0317008952347982,5.21432,0.06388
543,0.2966142582354458,0.0316692603241246,5.22049,0.06384
544,0.2968870000000001,0.0316401116556997,5.22668,0.0638
545,0.2971957248965842,0.0316150309490051,5.23283,0.063761
546,0.2975277008382841,0.0315923781569753,5.239,0.063721
547,0.297863576360842,0.0315702215026481,5.24531,0.063684
548,0.2981840000000001,0.0315466438888774,5.25144,0.063644
549,0.2984751805034149,0.0315199314684421,5.25758,0.063605
550,0.2987455674664009,0.0314912569953773,5.26382,0.063567
551,0.2990091706961864,0.0314618404949479,5.26988,0.063527
552,0.29928,0.0314334219683667,5.27597,0.063488
553,0.2995681624647562,0.0314069236816699,5.28226,0.063451
554,0.2998681542961126,0.0313816270537218,5.28842,0.063413
555,0.3001705689794127,0.0313566746828251,5.29464,0.063375
556,0.300466,0.0313312158578199,5.30077,0.063337
557,0.3007481227625605,0.0313043315704184,5.30689,0.063299
558,0.301022940349149,0.0312767846225253,5.31297,0.06326
559,0.3012995377611631,0.0312496524958879,5.31929,0.063224
560,0.301587,0.0312236108048264,5.32549,0.063187
561,0.3018908308600022,0.0311993535933373,5.33173,0.063151
562,0.3022022093072916,0.0311759613350651,5.33792,0.063114
563,0.3025087331009352,0.0311522835039254,5.34421,0.063078
564,0.302798,0.0311267847842805,5.35044,0.063043
565,0.303061944422431,0.0310987778532644,5.35651,0.063004
566,0.3033098474216848,0.0310693576090226,5.36262,0.062968
567,0.3035553267100963,0.0310396627353743,5.3688,0.062931
568,0.303812,0.0310112150342937,5.37494,0.062895
569,0.3040896414502742,0.0309850038613425,5.38115,0.062859
570,0.3043826510059695,0.0309605782836266,5.38735,0.062824
571,0.30468158505868,0.0309367097230806,5.39357,0.062788
572,0.3049770000000001,0.0309125679207647,5.39962,0.062751
573,0.3052612397764726,0.0308875097851426,5.40572,0.062715
574,0.3055337985544376,0.0308612292947832,5.4119,0.062679
575,0.3057959580551838,0.0308339916358024,5.41805,0.062644
576,0.3060490000000001,0.0308060606084912,5.42423,0.062608
577,0.3062961494438355,0.0307775048317334,5.43026,0.062572
578,0.3065484047762804,0.030749689594434,5.43628,0.062535
579,0.3068187077205851,0.0307236484221998,5.44238,0.062499
580,0.30712,0.0307007948499889,5.44849,0.062464
581,0.3074594280731854,0.0306819548533152,5.45448,0.062427
582,0.307820957340441,0.0306652524145224,5.46062,0.062392
583,0.3081827579374761,0.0306486342575983,5.4667,0.062357
584,0.308523,0.0306300617580494,5.47285,0.062323
585,0.3088261382634227,0.030607746699764,5.47883,0.062286
586,0.3091017658619557,0.0305827858740151,5.48491,0.062252
587,0.3093657605295108,0.0305567610825698,5.49092,0.062216
588,0.3096340000000001,0.0305313720124092,5.497,0.062181
589,0.3099178001231238,0.0305074725856027,5.50305,0.062146
590,0.3102102292117364,0.0304845021462164,5.50925,0.062113
591,0.3104997936944808,0.0304613284111569,5.5153,0.062078
592,0.3107750000000001,0.0304369549963708,5.52123,0.062042
593,0.3110281612440825,0.0304103804388443,5.52722,0.062007
594,0.3112668172910991,0.0303824795184496,5.53327,0.061972
595,0.3115023146925661,0.0303544924897829,5.53939,0.061939
596,0.3117460000000001,0.0303272683226056,5.54547,0.061905
597,0.3120067736505466,0.0303017949619621,5.5516,0.061872
598,0.3122837516238677,0.030278105493145,5.5575,0.061836
599,0.3125736037852551,0.0302556140259564,5.56356,0.061803
600,0.3128730000000001,0.030234119808862,5.56957,0.061769
601,0.3131786972787317,0.0302134323110809,5.57558,0.061735
602,0.3134878012134302,0.030193014675759,5.58167,0.061702
603,0.3137975045414137,0.0301727223943715,5.58762,0.061667
604,0.3141050000000001,0.0301524124147991,5.59358,0.061633
605,0.3144080622345271,0.0301316179955937,5.59952,0.061599
606,0.3147067935224116,0.0301104778290551,5.60559,0.061566
607,0.3150018780490904,0.0300890589775497,5.61164,0.061533
608,0.315294,0.0300674280622442,5.61756,0.061499
609,0.3155836787831603,0.0300456355788372,5.62359,0.061466
610,0.3158707746969236,0.0300237955534818,5.62943,0.061432
611,0.3161549832622251,0.0300016268333155,5.63543,0.061399
612,0.3164360000000001,0.0299792281653848,5.64144,0.061366
613,0.3167136445078315,0.0299565836115561,5.64738,0.061333
614,0.316988232689894,0.029933724204581,5.65341,0.061301
615,0.3172602045270094,0.0299106924730839,5.65946,0.061269
616,0.31753,0.0298875306695296,5.66537,0.061235
617,0.3177982275605135,0.0298642966040865,5.67136,0.061203
618,0.3180661695435005,0.0298411109367819,5.67738,0.061171
619,0.3183352767547372,0.0298182349730377,5.68346,0.06114
620,0.3186070000000001,0.0297955521135753,5.68951,0.061108
621,0.3188826015001145,0.0297733044101629,5.69549,0.061076
622,0.3191625891361042,0.0297515371073741,5.70146,0.061044
623,0.3194472822040417,0.0297302776080881,5.70745,0.061013
624,0.319737,0.0297095531395246,5.71345,0.060981
625,0.3200316789390286,0.029689355234757,5.71944,0.060949
626,0.3203297239120831,0.0296695336283562,5.72536,0.060918
627,0.3206291569290961,0.029649903606933,5.73129,0.060885
628,0.320928,0.0296304064873232,5.7372,0.060854
629,0.3212248233687714,0.0296106606454744,5.74329,0.060824
630,0.3215203902155636,0.0295908618458819,5.74933,0.060793
631,0.321816011954574,0.0295712554489524,5.75538,0.060763
632,0.322113,0.0295517121535078,5.76137,0.060732
633,0.3224120432108858,0.0295325432984351,5.76735,0.060702
634,0.3227113402256624,0.0295133339935224,5.77327,0.06067
635,0.3230084671276079,0.0294941113177614,5.77921,0.060639
636,0.323301,0.0294744062950157,5.7852,0.060609
637,0.3235874412876855,0.0294543327742179,5.79112,0.060578
638,0.3238699988817866,0.029433845413624,5.79718,0.060549
639,0.3241518070349944,0.0294133541723757,5.8032,0.060519
640,0.3244360000000001,0.0293931430246291,5.80905,0.060487
641,0.3247250041383725,0.0293735539132563,5.81509,0.060458
642,0.3250184142471915,0.029354300284695,5.82115,0.060429
643,0.3253151172324147,0.0293354034792747,5.82712,0.060399
644,0.3256140000000001,0.0293167616169942,5.83307,0.060369
645,0.3259135421588251,0.0292983602930809,5.83904,0.060339
646,0.3262105941294481,0.0292796692742222,5.84501,0.06031
647,0.326501599035347,0.0292604941056428,5.85093,0.06028
648,0.326783,0.0292405187597274,5.85685,0.06025
649,0.3270525928513273,0.0292195500100346,5.86275,0.06022
650,0.3273135842350166,0.0291980015243716,5.8688,0.060192
651,0.3275705335011976,0.0291760364684052,5.87485,0.060163
652,0.3278280000000001,0.0291541847881035,5.88071,0.060133
653,0.3280895083108659,0.0291327589281781,5.88668,0.060104
654,0.3283544439304857,0.0291118251265345,5.89261,0.060075
655,0.3286211575848628,0.0290909902577736,5.89856,0.060046
656,0.3288880000000001,0.0290702302910472,5.9045,0.060017
657,0.3291536551552096,0.0290495511498367,5.91044,0.059988
658,0.3294181400430404,0.0290287096117194,5.91641,0.059959
659,0.3296818049093512,0.0290079814101608,5.92237,0.059931
660,0.329945,0.0289871527961025,5.92835,0.059902
661,0.3302087773182963,0.0289665603396173,5.93439,0.059875
662,0.3304769958973526,0.0289462973231936,5.94041,0.059847
663,0.3307542165277326,0.0289268827274374,5.94625,0.059818
664,0.331045,0.0289088328123716,5.95215,0.059789
665,0.3313520168216055,0.0288921311150298,5.95801,0.059761
666,0.3316703763675491,0.0288764671130644,5.96396,0.059732
667,0.3319932977297183,0.0288613682728684,5.96994,0.059705
668,0.332314,0.0288460006942702,5.97589,0.059677
669,0.3326257022702819,0.0288298989943472,5.9818,0.059649
670,0.3329216236324509,0.028812479611045,5.98772,0.059621
671,0.3331949831783945,0.0287932837945483,5.99363,0.059593
672,0.333439,0.028771492155654,5.99967,0.059566
